direction,detector,thresholdPercentile,minRelativeIncrease,minAbsoluteDelta,precision,recall,f1,detectedAnomalies
main,ifAndRule,95,1.2,0.1,0.2012987012987013,0.8959537572254336,0.3287380699893956,770
main,ifAndRule,95,1.2,0.25,0.19921875,0.884393063583815,0.3251859723698194,768
main,ifAndRule,95,1.2,0.5,0.196078431372549,0.8670520231213873,0.3198294243070362,765
main,ifAndRule,95,1.2,1,0.1977869986168741,0.8265895953757225,0.3191964285714285,723
main,ifAndRule,95,1.2,2,0.2452830188679245,0.7514450867052023,0.3698435277382646,530
main,ifAndRule,95,1.2,4,0.3754789272030651,0.5664739884393064,0.4516129032258064,261
main,ifAndRule,95,1.2,8,0.5615384615384615,0.4219653179190752,0.4818481848184819,130
main,ifAndRule,95,1.2,16,0.5384615384615384,0.2023121387283237,0.2941176470588235,65
main,ifAndRule,95,1.5,0.1,0.2042553191489362,0.8323699421965318,0.3280182232346242,705
main,ifAndRule,95,1.5,0.25,0.2042553191489362,0.8323699421965318,0.3280182232346242,705
main,ifAndRule,95,1.5,0.5,0.2042553191489362,0.8323699421965318,0.3280182232346242,705
main,ifAndRule,95,1.5,1,0.1985714285714286,0.8034682080924855,0.3184421534936999,700
main,ifAndRule,95,1.5,2,0.2457142857142857,0.7456647398843931,0.3696275071633238,525
main,ifAndRule,95,1.5,4,0.3754789272030651,0.5664739884393064,0.4516129032258064,261
main,ifAndRule,95,1.5,8,0.5615384615384615,0.4219653179190752,0.4818481848184819,130
main,ifAndRule,95,1.5,16,0.5384615384615384,0.2023121387283237,0.2941176470588235,65
main,ifAndRule,95,2,0.1,0.2075757575757576,0.791907514450867,0.3289315726290516,660
main,ifAndRule,95,2,0.25,0.2075757575757576,0.791907514450867,0.3289315726290516,660
main,ifAndRule,95,2,0.5,0.2075757575757576,0.791907514450867,0.3289315726290516,660
main,ifAndRule,95,2,1,0.2075757575757576,0.791907514450867,0.3289315726290516,660
main,ifAndRule,95,2,2,0.252465483234714,0.7398843930635838,0.3764705882352941,507
main,ifAndRule,95,2,4,0.3783783783783784,0.5664739884393064,0.4537037037037037,259
main,ifAndRule,95,2,8,0.5658914728682171,0.4219653179190752,0.4834437086092715,129
main,ifAndRule,95,2,16,0.5384615384615384,0.2023121387283237,0.2941176470588235,65
main,ifAndRule,95,2.5,0.1,0.2689075630252101,0.7398843930635838,0.3944530046224962,476
main,ifAndRule,95,2.5,0.25,0.2689075630252101,0.7398843930635838,0.3944530046224962,476
main,ifAndRule,95,2.5,0.5,0.2689075630252101,0.7398843930635838,0.3944530046224962,476
main,ifAndRule,95,2.5,1,0.2689075630252101,0.7398843930635838,0.3944530046224962,476
main,ifAndRule,95,2.5,2,0.2627118644067797,0.7167630057803468,0.3844961240310077,472
main,ifAndRule,95,2.5,4,0.3958333333333333,0.5491329479768786,0.460048426150121,240
main,ifAndRule,95,2.5,8,0.5658914728682171,0.4219653179190752,0.4834437086092715,129
main,ifAndRule,95,2.5,16,0.5384615384615384,0.2023121387283237,0.2941176470588235,65
main,ifAndRule,95,3,0.1,0.2644444444444444,0.6878612716763006,0.3820224719101123,450
main,ifAndRule,95,3,0.25,0.2644444444444444,0.6878612716763006,0.3820224719101123,450
main,ifAndRule,95,3,0.5,0.2644444444444444,0.6878612716763006,0.3820224719101123,450
main,ifAndRule,95,3,1,0.2644444444444444,0.6878612716763006,0.3820224719101123,450
main,ifAndRule,95,3,2,0.2644444444444444,0.6878612716763006,0.3820224719101123,450
main,ifAndRule,95,3,4,0.4008620689655172,0.5375722543352601,0.4592592592592593,232
main,ifAndRule,95,3,8,0.5625,0.4161849710982659,0.478405315614618,128
main,ifAndRule,95,3,16,0.5384615384615384,0.2023121387283237,0.2941176470588235,65
main,ifAndRule,95,4,0.1,0.312280701754386,0.5144508670520231,0.388646288209607,285
main,ifAndRule,95,4,0.25,0.312280701754386,0.5144508670520231,0.388646288209607,285
main,ifAndRule,95,4,0.5,0.312280701754386,0.5144508670520231,0.388646288209607,285
main,ifAndRule,95,4,1,0.312280701754386,0.5144508670520231,0.388646288209607,285
main,ifAndRule,95,4,2,0.312280701754386,0.5144508670520231,0.388646288209607,285
main,ifAndRule,95,4,4,0.3761904761904762,0.4566473988439306,0.4125326370757181,210
main,ifAndRule,95,4,8,0.5338983050847458,0.3641618497109826,0.4329896907216495,118
main,ifAndRule,95,4,16,0.5384615384615384,0.2023121387283237,0.2941176470588235,65
main,ifAndRule,95,5,0.1,0.3567839195979899,0.4104046242774567,0.3817204301075269,199
main,ifAndRule,95,5,0.25,0.3567839195979899,0.4104046242774567,0.3817204301075269,199
main,ifAndRule,95,5,0.5,0.3567839195979899,0.4104046242774567,0.3817204301075269,199
main,ifAndRule,95,5,1,0.3567839195979899,0.4104046242774567,0.3817204301075269,199
main,ifAndRule,95,5,2,0.3567839195979899,0.4104046242774567,0.3817204301075269,199
main,ifAndRule,95,5,4,0.3567839195979899,0.4104046242774567,0.3817204301075269,199
main,ifAndRule,95,5,8,0.509090909090909,0.3236994219653179,0.3957597173144876,110
main,ifAndRule,95,5,16,0.5245901639344263,0.1849710982658959,0.2735042735042735,61
main,ifAndRule,97,1.2,0.1,0.1968295904887715,0.861271676300578,0.3204301075268817,757
main,ifAndRule,97,1.2,0.25,0.1957671957671958,0.8554913294797688,0.3186221743810549,756
main,ifAndRule,97,1.2,0.5,0.1947019867549669,0.8497109826589595,0.3168103448275862,755
main,ifAndRule,97,1.2,1,0.1997206703910615,0.8265895953757225,0.3217097862767154,716
main,ifAndRule,97,1.2,2,0.2452830188679245,0.7514450867052023,0.3698435277382646,530
main,ifAndRule,97,1.2,4,0.3754789272030651,0.5664739884393064,0.4516129032258064,261
main,ifAndRule,97,1.2,8,0.5615384615384615,0.4219653179190752,0.4818481848184819,130
main,ifAndRule,97,1.2,16,0.5384615384615384,0.2023121387283237,0.2941176470588235,65
main,ifAndRule,97,1.5,0.1,0.2028776978417266,0.815028901734104,0.3248847926267281,695
main,ifAndRule,97,1.5,0.25,0.2028776978417266,0.815028901734104,0.3248847926267281,695
main,ifAndRule,97,1.5,0.5,0.2028776978417266,0.815028901734104,0.3248847926267281,695
main,ifAndRule,97,1.5,1,0.2005772005772006,0.8034682080924855,0.3210161662817552,693
main,ifAndRule,97,1.5,2,0.2457142857142857,0.7456647398843931,0.3696275071633238,525
main,ifAndRule,97,1.5,4,0.3754789272030651,0.5664739884393064,0.4516129032258064,261
main,ifAndRule,97,1.5,8,0.5615384615384615,0.4219653179190752,0.4818481848184819,130
main,ifAndRule,97,1.5,16,0.5384615384615384,0.2023121387283237,0.2941176470588235,65
main,ifAndRule,97,2,0.1,0.2098009188361409,0.791907514450867,0.3317191283292978,653
main,ifAndRule,97,2,0.25,0.2098009188361409,0.791907514450867,0.3317191283292978,653
main,ifAndRule,97,2,0.5,0.2098009188361409,0.791907514450867,0.3317191283292978,653
main,ifAndRule,97,2,1,0.2098009188361409,0.791907514450867,0.3317191283292978,653
main,ifAndRule,97,2,2,0.252465483234714,0.7398843930635838,0.3764705882352941,507
main,ifAndRule,97,2,4,0.3783783783783784,0.5664739884393064,0.4537037037037037,259
main,ifAndRule,97,2,8,0.5658914728682171,0.4219653179190752,0.4834437086092715,129
main,ifAndRule,97,2,16,0.5384615384615384,0.2023121387283237,0.2941176470588235,65
main,ifAndRule,97,2.5,0.1,0.2689075630252101,0.7398843930635838,0.3944530046224962,476
main,ifAndRule,97,2.5,0.25,0.2689075630252101,0.7398843930635838,0.3944530046224962,476
main,ifAndRule,97,2.5,0.5,0.2689075630252101,0.7398843930635838,0.3944530046224962,476
main,ifAndRule,97,2.5,1,0.2689075630252101,0.7398843930635838,0.3944530046224962,476
main,ifAndRule,97,2.5,2,0.2627118644067797,0.7167630057803468,0.3844961240310077,472
main,ifAndRule,97,2.5,4,0.3958333333333333,0.5491329479768786,0.460048426150121,240
main,ifAndRule,97,2.5,8,0.5658914728682171,0.4219653179190752,0.4834437086092715,129
main,ifAndRule,97,2.5,16,0.5384615384615384,0.2023121387283237,0.2941176470588235,65
main,ifAndRule,97,3,0.1,0.2644444444444444,0.6878612716763006,0.3820224719101123,450
main,ifAndRule,97,3,0.25,0.2644444444444444,0.6878612716763006,0.3820224719101123,450
main,ifAndRule,97,3,0.5,0.2644444444444444,0.6878612716763006,0.3820224719101123,450
main,ifAndRule,97,3,1,0.2644444444444444,0.6878612716763006,0.3820224719101123,450
main,ifAndRule,97,3,2,0.2644444444444444,0.6878612716763006,0.3820224719101123,450
main,ifAndRule,97,3,4,0.4008620689655172,0.5375722543352601,0.4592592592592593,232
main,ifAndRule,97,3,8,0.5625,0.4161849710982659,0.478405315614618,128
main,ifAndRule,97,3,16,0.5384615384615384,0.2023121387283237,0.2941176470588235,65
main,ifAndRule,97,4,0.1,0.312280701754386,0.5144508670520231,0.388646288209607,285
main,ifAndRule,97,4,0.25,0.312280701754386,0.5144508670520231,0.388646288209607,285
main,ifAndRule,97,4,0.5,0.312280701754386,0.5144508670520231,0.388646288209607,285
main,ifAndRule,97,4,1,0.312280701754386,0.5144508670520231,0.388646288209607,285
main,ifAndRule,97,4,2,0.312280701754386,0.5144508670520231,0.388646288209607,285
main,ifAndRule,97,4,4,0.3761904761904762,0.4566473988439306,0.4125326370757181,210
main,ifAndRule,97,4,8,0.5338983050847458,0.3641618497109826,0.4329896907216495,118
main,ifAndRule,97,4,16,0.5384615384615384,0.2023121387283237,0.2941176470588235,65
main,ifAndRule,97,5,0.1,0.3567839195979899,0.4104046242774567,0.3817204301075269,199
main,ifAndRule,97,5,0.25,0.3567839195979899,0.4104046242774567,0.3817204301075269,199
main,ifAndRule,97,5,0.5,0.3567839195979899,0.4104046242774567,0.3817204301075269,199
main,ifAndRule,97,5,1,0.3567839195979899,0.4104046242774567,0.3817204301075269,199
main,ifAndRule,97,5,2,0.3567839195979899,0.4104046242774567,0.3817204301075269,199
main,ifAndRule,97,5,4,0.3567839195979899,0.4104046242774567,0.3817204301075269,199
main,ifAndRule,97,5,8,0.509090909090909,0.3236994219653179,0.3957597173144876,110
main,ifAndRule,97,5,16,0.5245901639344263,0.1849710982658959,0.2735042735042735,61
main,ifAndRule,98,1.2,0.1,0.2264752791068581,0.8208092485549133,0.355,627
main,ifAndRule,98,1.2,0.25,0.2264752791068581,0.8208092485549133,0.355,627
main,ifAndRule,98,1.2,0.5,0.2264752791068581,0.8208092485549133,0.355,627
main,ifAndRule,98,1.2,1,0.228995057660626,0.8034682080924855,0.3564102564102564,607
main,ifAndRule,98,1.2,2,0.2595573440643863,0.7456647398843931,0.3850746268656717,497
main,ifAndRule,98,1.2,4,0.3754789272030651,0.5664739884393064,0.4516129032258064,261
main,ifAndRule,98,1.2,8,0.5615384615384615,0.4219653179190752,0.4818481848184819,130
main,ifAndRule,98,1.2,16,0.5384615384615384,0.2023121387283237,0.2941176470588235,65
main,ifAndRule,98,1.5,0.1,0.2324786324786325,0.7861271676300579,0.3588390501319261,585
main,ifAndRule,98,1.5,0.25,0.2324786324786325,0.7861271676300579,0.3588390501319261,585
main,ifAndRule,98,1.5,0.5,0.2324786324786325,0.7861271676300579,0.3588390501319261,585
main,ifAndRule,98,1.5,1,0.2311643835616438,0.7803468208092486,0.35667107001321,584
main,ifAndRule,98,1.5,2,0.2601626016260163,0.7398843930635838,0.3849624060150377,492
main,ifAndRule,98,1.5,4,0.3754789272030651,0.5664739884393064,0.4516129032258064,261
main,ifAndRule,98,1.5,8,0.5615384615384615,0.4219653179190752,0.4818481848184819,130
main,ifAndRule,98,1.5,16,0.5384615384615384,0.2023121387283237,0.2941176470588235,65
main,ifAndRule,98,2,0.1,0.2422586520947177,0.7687861271676301,0.3684210526315789,549
main,ifAndRule,98,2,0.25,0.2422586520947177,0.7687861271676301,0.3684210526315789,549
main,ifAndRule,98,2,0.5,0.2422586520947177,0.7687861271676301,0.3684210526315789,549
main,ifAndRule,98,2,1,0.2422586520947177,0.7687861271676301,0.3684210526315789,549
main,ifAndRule,98,2,2,0.2679324894514768,0.7341040462427746,0.39258114374034,474
main,ifAndRule,98,2,4,0.3783783783783784,0.5664739884393064,0.4537037037037037,259
main,ifAndRule,98,2,8,0.5658914728682171,0.4219653179190752,0.4834437086092715,129
main,ifAndRule,98,2,16,0.5384615384615384,0.2023121387283237,0.2941176470588235,65
main,ifAndRule,98,2.5,0.1,0.2850678733031674,0.7283236994219653,0.4097560975609756,442
main,ifAndRule,98,2.5,0.25,0.2850678733031674,0.7283236994219653,0.4097560975609756,442
main,ifAndRule,98,2.5,0.5,0.2850678733031674,0.7283236994219653,0.4097560975609756,442
main,ifAndRule,98,2.5,1,0.2850678733031674,0.7283236994219653,0.4097560975609756,442
main,ifAndRule,98,2.5,2,0.2801822323462415,0.7109826589595376,0.4019607843137254,439
main,ifAndRule,98,2.5,4,0.3958333333333333,0.5491329479768786,0.460048426150121,240
main,ifAndRule,98,2.5,8,0.5658914728682171,0.4219653179190752,0.4834437086092715,129
main,ifAndRule,98,2.5,16,0.5384615384615384,0.2023121387283237,0.2941176470588235,65
main,ifAndRule,98,3,0.1,0.2822966507177033,0.6820809248554913,0.3993231810490693,418
main,ifAndRule,98,3,0.25,0.2822966507177033,0.6820809248554913,0.3993231810490693,418
main,ifAndRule,98,3,0.5,0.2822966507177033,0.6820809248554913,0.3993231810490693,418
main,ifAndRule,98,3,1,0.2822966507177033,0.6820809248554913,0.3993231810490693,418
main,ifAndRule,98,3,2,0.2822966507177033,0.6820809248554913,0.3993231810490693,418
main,ifAndRule,98,3,4,0.4008620689655172,0.5375722543352601,0.4592592592592593,232
main,ifAndRule,98,3,8,0.5625,0.4161849710982659,0.478405315614618,128
main,ifAndRule,98,3,16,0.5384615384615384,0.2023121387283237,0.2941176470588235,65
main,ifAndRule,98,4,0.1,0.3133802816901409,0.5144508670520231,0.3894967177242889,284
main,ifAndRule,98,4,0.25,0.3133802816901409,0.5144508670520231,0.3894967177242889,284
main,ifAndRule,98,4,0.5,0.3133802816901409,0.5144508670520231,0.3894967177242889,284
main,ifAndRule,98,4,1,0.3133802816901409,0.5144508670520231,0.3894967177242889,284
main,ifAndRule,98,4,2,0.3133802816901409,0.5144508670520231,0.3894967177242889,284
main,ifAndRule,98,4,4,0.3761904761904762,0.4566473988439306,0.4125326370757181,210
main,ifAndRule,98,4,8,0.5338983050847458,0.3641618497109826,0.4329896907216495,118
main,ifAndRule,98,4,16,0.5384615384615384,0.2023121387283237,0.2941176470588235,65
main,ifAndRule,98,5,0.1,0.3567839195979899,0.4104046242774567,0.3817204301075269,199
main,ifAndRule,98,5,0.25,0.3567839195979899,0.4104046242774567,0.3817204301075269,199
main,ifAndRule,98,5,0.5,0.3567839195979899,0.4104046242774567,0.3817204301075269,199
main,ifAndRule,98,5,1,0.3567839195979899,0.4104046242774567,0.3817204301075269,199
main,ifAndRule,98,5,2,0.3567839195979899,0.4104046242774567,0.3817204301075269,199
main,ifAndRule,98,5,4,0.3567839195979899,0.4104046242774567,0.3817204301075269,199
main,ifAndRule,98,5,8,0.509090909090909,0.3236994219653179,0.3957597173144876,110
main,ifAndRule,98,5,16,0.5245901639344263,0.1849710982658959,0.2735042735042735,61
main,ifAndRule,99,1.2,0.1,0.3515850144092219,0.7052023121387283,0.4692307692307693,347
main,ifAndRule,99,1.2,0.25,0.3515850144092219,0.7052023121387283,0.4692307692307693,347
main,ifAndRule,99,1.2,0.5,0.3515850144092219,0.7052023121387283,0.4692307692307693,347
main,ifAndRule,99,1.2,1,0.3515850144092219,0.7052023121387283,0.4692307692307693,347
main,ifAndRule,99,1.2,2,0.3545454545454546,0.6763005780346821,0.4652087475149105,330
main,ifAndRule,99,1.2,4,0.3943089430894309,0.5606936416184971,0.4630071599045346,246
main,ifAndRule,99,1.2,8,0.5615384615384615,0.4219653179190752,0.4818481848184819,130
main,ifAndRule,99,1.2,16,0.5384615384615384,0.2023121387283237,0.2941176470588235,65
main,ifAndRule,99,1.5,0.1,0.3543543543543544,0.6820809248554913,0.4664031620553359,333
main,ifAndRule,99,1.5,0.25,0.3543543543543544,0.6820809248554913,0.4664031620553359,333
main,ifAndRule,99,1.5,0.5,0.3543543543543544,0.6820809248554913,0.4664031620553359,333
main,ifAndRule,99,1.5,1,0.3543543543543544,0.6820809248554913,0.4664031620553359,333
main,ifAndRule,99,1.5,2,0.3569230769230769,0.6705202312138728,0.4658634538152611,325
main,ifAndRule,99,1.5,4,0.3943089430894309,0.5606936416184971,0.4630071599045346,246
main,ifAndRule,99,1.5,8,0.5615384615384615,0.4219653179190752,0.4818481848184819,130
main,ifAndRule,99,1.5,16,0.5384615384615384,0.2023121387283237,0.2941176470588235,65
main,ifAndRule,99,2,0.1,0.3625,0.6705202312138728,0.4705882352941177,320
main,ifAndRule,99,2,0.25,0.3625,0.6705202312138728,0.4705882352941177,320
main,ifAndRule,99,2,0.5,0.3625,0.6705202312138728,0.4705882352941177,320
main,ifAndRule,99,2,1,0.3625,0.6705202312138728,0.4705882352941177,320
main,ifAndRule,99,2,2,0.3662420382165605,0.6647398843930635,0.4722792607802875,314
main,ifAndRule,99,2,4,0.3975409836065574,0.5606936416184971,0.4652278177458034,244
main,ifAndRule,99,2,8,0.5658914728682171,0.4219653179190752,0.4834437086092715,129
main,ifAndRule,99,2,16,0.5384615384615384,0.2023121387283237,0.2941176470588235,65
main,ifAndRule,99,2.5,0.1,0.3916083916083916,0.6473988439306358,0.4880174291938998,286
main,ifAndRule,99,2.5,0.25,0.3916083916083916,0.6473988439306358,0.4880174291938998,286
main,ifAndRule,99,2.5,0.5,0.3916083916083916,0.6473988439306358,0.4880174291938998,286
main,ifAndRule,99,2.5,1,0.3916083916083916,0.6473988439306358,0.4880174291938998,286
main,ifAndRule,99,2.5,2,0.3894736842105263,0.6416184971098265,0.4847161572052402,285
main,ifAndRule,99,2.5,4,0.4177777777777778,0.5433526011560693,0.4723618090452261,225
main,ifAndRule,99,2.5,8,0.5658914728682171,0.4219653179190752,0.4834437086092715,129
main,ifAndRule,99,2.5,16,0.5384615384615384,0.2023121387283237,0.2941176470588235,65
main,ifAndRule,99,3,0.1,0.3933823529411765,0.6184971098265896,0.4808988764044944,272
main,ifAndRule,99,3,0.25,0.3933823529411765,0.6184971098265896,0.4808988764044944,272
main,ifAndRule,99,3,0.5,0.3933823529411765,0.6184971098265896,0.4808988764044944,272
main,ifAndRule,99,3,1,0.3933823529411765,0.6184971098265896,0.4808988764044944,272
main,ifAndRule,99,3,2,0.3933823529411765,0.6184971098265896,0.4808988764044944,272
main,ifAndRule,99,3,4,0.423963133640553,0.5317919075144508,0.4717948717948718,217
main,ifAndRule,99,3,8,0.5625,0.4161849710982659,0.478405315614618,128
main,ifAndRule,99,3,16,0.5384615384615384,0.2023121387283237,0.2941176470588235,65
main,ifAndRule,99,4,0.1,0.3803418803418803,0.5144508670520231,0.4373464373464374,234
main,ifAndRule,99,4,0.25,0.3803418803418803,0.5144508670520231,0.4373464373464374,234
main,ifAndRule,99,4,0.5,0.3803418803418803,0.5144508670520231,0.4373464373464374,234
main,ifAndRule,99,4,1,0.3803418803418803,0.5144508670520231,0.4373464373464374,234
main,ifAndRule,99,4,2,0.3803418803418803,0.5144508670520231,0.4373464373464374,234
main,ifAndRule,99,4,4,0.4030612244897959,0.4566473988439306,0.4281842818428184,196
main,ifAndRule,99,4,8,0.5338983050847458,0.3641618497109826,0.4329896907216495,118
main,ifAndRule,99,4,16,0.5384615384615384,0.2023121387283237,0.2941176470588235,65
main,ifAndRule,99,5,0.1,0.3837837837837838,0.4104046242774567,0.3966480446927374,185
main,ifAndRule,99,5,0.25,0.3837837837837838,0.4104046242774567,0.3966480446927374,185
main,ifAndRule,99,5,0.5,0.3837837837837838,0.4104046242774567,0.3966480446927374,185
main,ifAndRule,99,5,1,0.3837837837837838,0.4104046242774567,0.3966480446927374,185
main,ifAndRule,99,5,2,0.3837837837837838,0.4104046242774567,0.3966480446927374,185
main,ifAndRule,99,5,4,0.3837837837837838,0.4104046242774567,0.3966480446927374,185
main,ifAndRule,99,5,8,0.509090909090909,0.3236994219653179,0.3957597173144876,110
main,ifAndRule,99,5,16,0.5245901639344263,0.1849710982658959,0.2735042735042735,61
main,ifAndRule,99.5,1.2,0.1,0.47953216374269,0.4739884393063584,0.4767441860465116,171
main,ifAndRule,99.5,1.2,0.25,0.47953216374269,0.4739884393063584,0.4767441860465116,171
main,ifAndRule,99.5,1.2,0.5,0.47953216374269,0.4739884393063584,0.4767441860465116,171
main,ifAndRule,99.5,1.2,1,0.47953216374269,0.4739884393063584,0.4767441860465116,171
main,ifAndRule,99.5,1.2,2,0.4823529411764706,0.4739884393063584,0.4781341107871721,170
main,ifAndRule,99.5,1.2,4,0.4909090909090909,0.4682080924855491,0.4792899408284024,165
main,ifAndRule,99.5,1.2,8,0.5785123966942148,0.4046242774566474,0.4761904761904762,121
main,ifAndRule,99.5,1.2,16,0.5384615384615384,0.2023121387283237,0.2941176470588235,65
main,ifAndRule,99.5,1.5,0.1,0.47953216374269,0.4739884393063584,0.4767441860465116,171
main,ifAndRule,99.5,1.5,0.25,0.47953216374269,0.4739884393063584,0.4767441860465116,171
main,ifAndRule,99.5,1.5,0.5,0.47953216374269,0.4739884393063584,0.4767441860465116,171
main,ifAndRule,99.5,1.5,1,0.47953216374269,0.4739884393063584,0.4767441860465116,171
main,ifAndRule,99.5,1.5,2,0.4823529411764706,0.4739884393063584,0.4781341107871721,170
main,ifAndRule,99.5,1.5,4,0.4909090909090909,0.4682080924855491,0.4792899408284024,165
main,ifAndRule,99.5,1.5,8,0.5785123966942148,0.4046242774566474,0.4761904761904762,121
main,ifAndRule,99.5,1.5,16,0.5384615384615384,0.2023121387283237,0.2941176470588235,65
main,ifAndRule,99.5,2,0.1,0.485207100591716,0.4739884393063584,0.47953216374269,169
main,ifAndRule,99.5,2,0.25,0.485207100591716,0.4739884393063584,0.47953216374269,169
main,ifAndRule,99.5,2,0.5,0.485207100591716,0.4739884393063584,0.47953216374269,169
main,ifAndRule,99.5,2,1,0.485207100591716,0.4739884393063584,0.47953216374269,169
main,ifAndRule,99.5,2,2,0.4880952380952381,0.4739884393063584,0.4809384164222874,168
main,ifAndRule,99.5,2,4,0.4969325153374233,0.4682080924855491,0.4821428571428571,163
main,ifAndRule,99.5,2,8,0.5833333333333334,0.4046242774566474,0.4778156996587031,120
main,ifAndRule,99.5,2,16,0.5384615384615384,0.2023121387283237,0.2941176470588235,65
main,ifAndRule,99.5,2.5,0.1,0.5163398692810458,0.4566473988439306,0.4846625766871165,153
main,ifAndRule,99.5,2.5,0.25,0.5163398692810458,0.4566473988439306,0.4846625766871165,153
main,ifAndRule,99.5,2.5,0.5,0.5163398692810458,0.4566473988439306,0.4846625766871165,153
main,ifAndRule,99.5,2.5,1,0.5163398692810458,0.4566473988439306,0.4846625766871165,153
main,ifAndRule,99.5,2.5,2,0.5163398692810458,0.4566473988439306,0.4846625766871165,153
main,ifAndRule,99.5,2.5,4,0.527027027027027,0.4508670520231214,0.485981308411215,148
main,ifAndRule,99.5,2.5,8,0.5833333333333334,0.4046242774566474,0.4778156996587031,120
main,ifAndRule,99.5,2.5,16,0.5384615384615384,0.2023121387283237,0.2941176470588235,65
main,ifAndRule,99.5,3,0.1,0.5202702702702703,0.4450867052023121,0.4797507788161994,148
main,ifAndRule,99.5,3,0.25,0.5202702702702703,0.4450867052023121,0.4797507788161994,148
main,ifAndRule,99.5,3,0.5,0.5202702702702703,0.4450867052023121,0.4797507788161994,148
main,ifAndRule,99.5,3,1,0.5202702702702703,0.4450867052023121,0.4797507788161994,148
main,ifAndRule,99.5,3,2,0.5202702702702703,0.4450867052023121,0.4797507788161994,148
main,ifAndRule,99.5,3,4,0.5314685314685315,0.4393063583815029,0.4810126582278481,143
main,ifAndRule,99.5,3,8,0.5798319327731093,0.3988439306358382,0.4726027397260275,119
main,ifAndRule,99.5,3,16,0.5384615384615384,0.2023121387283237,0.2941176470588235,65
main,ifAndRule,99.5,4,0.1,0.5037037037037037,0.3930635838150289,0.4415584415584415,135
main,ifAndRule,99.5,4,0.25,0.5037037037037037,0.3930635838150289,0.4415584415584415,135
main,ifAndRule,99.5,4,0.5,0.5037037037037037,0.3930635838150289,0.4415584415584415,135
main,ifAndRule,99.5,4,1,0.5037037037037037,0.3930635838150289,0.4415584415584415,135
main,ifAndRule,99.5,4,2,0.5037037037037037,0.3930635838150289,0.4415584415584415,135
main,ifAndRule,99.5,4,4,0.5153846153846153,0.3872832369942196,0.4422442244224422,130
main,ifAndRule,99.5,4,8,0.5545454545454546,0.3526011560693642,0.431095406360424,110
main,ifAndRule,99.5,4,16,0.5384615384615384,0.2023121387283237,0.2941176470588235,65
main,ifAndRule,99.5,5,0.1,0.4957983193277311,0.3410404624277457,0.4041095890410959,119
main,ifAndRule,99.5,5,0.25,0.4957983193277311,0.3410404624277457,0.4041095890410959,119
main,ifAndRule,99.5,5,0.5,0.4957983193277311,0.3410404624277457,0.4041095890410959,119
main,ifAndRule,99.5,5,1,0.4957983193277311,0.3410404624277457,0.4041095890410959,119
main,ifAndRule,99.5,5,2,0.4957983193277311,0.3410404624277457,0.4041095890410959,119
main,ifAndRule,99.5,5,4,0.4957983193277311,0.3410404624277457,0.4041095890410959,119
main,ifAndRule,99.5,5,8,0.5294117647058824,0.3121387283236994,0.3927272727272727,102
main,ifAndRule,99.5,5,16,0.5245901639344263,0.1849710982658959,0.2735042735042735,61
main,ifAndRule,99.8,1.2,0.1,0.5697674418604651,0.2832369942196532,0.3783783783783784,86
main,ifAndRule,99.8,1.2,0.25,0.5697674418604651,0.2832369942196532,0.3783783783783784,86
main,ifAndRule,99.8,1.2,0.5,0.5697674418604651,0.2832369942196532,0.3783783783783784,86
main,ifAndRule,99.8,1.2,1,0.5697674418604651,0.2832369942196532,0.3783783783783784,86
main,ifAndRule,99.8,1.2,2,0.5697674418604651,0.2832369942196532,0.3783783783783784,86
main,ifAndRule,99.8,1.2,4,0.5697674418604651,0.2832369942196532,0.3783783783783784,86
main,ifAndRule,99.8,1.2,8,0.5783132530120482,0.2774566473988439,0.375,83
main,ifAndRule,99.8,1.2,16,0.5254237288135594,0.1791907514450867,0.2672413793103448,59
main,ifAndRule,99.8,1.5,0.1,0.5697674418604651,0.2832369942196532,0.3783783783783784,86
main,ifAndRule,99.8,1.5,0.25,0.5697674418604651,0.2832369942196532,0.3783783783783784,86
main,ifAndRule,99.8,1.5,0.5,0.5697674418604651,0.2832369942196532,0.3783783783783784,86
main,ifAndRule,99.8,1.5,1,0.5697674418604651,0.2832369942196532,0.3783783783783784,86
main,ifAndRule,99.8,1.5,2,0.5697674418604651,0.2832369942196532,0.3783783783783784,86
main,ifAndRule,99.8,1.5,4,0.5697674418604651,0.2832369942196532,0.3783783783783784,86
main,ifAndRule,99.8,1.5,8,0.5783132530120482,0.2774566473988439,0.375,83
main,ifAndRule,99.8,1.5,16,0.5254237288135594,0.1791907514450867,0.2672413793103448,59
main,ifAndRule,99.8,2,0.1,0.5833333333333334,0.2832369942196532,0.3813229571984436,84
main,ifAndRule,99.8,2,0.25,0.5833333333333334,0.2832369942196532,0.3813229571984436,84
main,ifAndRule,99.8,2,0.5,0.5833333333333334,0.2832369942196532,0.3813229571984436,84
main,ifAndRule,99.8,2,1,0.5833333333333334,0.2832369942196532,0.3813229571984436,84
main,ifAndRule,99.8,2,2,0.5833333333333334,0.2832369942196532,0.3813229571984436,84
main,ifAndRule,99.8,2,4,0.5833333333333334,0.2832369942196532,0.3813229571984436,84
main,ifAndRule,99.8,2,8,0.5853658536585366,0.2774566473988439,0.3764705882352941,82
main,ifAndRule,99.8,2,16,0.5254237288135594,0.1791907514450867,0.2672413793103448,59
main,ifAndRule,99.8,2.5,0.1,0.5833333333333334,0.2832369942196532,0.3813229571984436,84
main,ifAndRule,99.8,2.5,0.25,0.5833333333333334,0.2832369942196532,0.3813229571984436,84
main,ifAndRule,99.8,2.5,0.5,0.5833333333333334,0.2832369942196532,0.3813229571984436,84
main,ifAndRule,99.8,2.5,1,0.5833333333333334,0.2832369942196532,0.3813229571984436,84
main,ifAndRule,99.8,2.5,2,0.5833333333333334,0.2832369942196532,0.3813229571984436,84
main,ifAndRule,99.8,2.5,4,0.5833333333333334,0.2832369942196532,0.3813229571984436,84
main,ifAndRule,99.8,2.5,8,0.5853658536585366,0.2774566473988439,0.3764705882352941,82
main,ifAndRule,99.8,2.5,16,0.5254237288135594,0.1791907514450867,0.2672413793103448,59
main,ifAndRule,99.8,3,0.1,0.573170731707317,0.2716763005780347,0.3686274509803921,82
main,ifAndRule,99.8,3,0.25,0.573170731707317,0.2716763005780347,0.3686274509803921,82
main,ifAndRule,99.8,3,0.5,0.573170731707317,0.2716763005780347,0.3686274509803921,82
main,ifAndRule,99.8,3,1,0.573170731707317,0.2716763005780347,0.3686274509803921,82
main,ifAndRule,99.8,3,2,0.573170731707317,0.2716763005780347,0.3686274509803921,82
main,ifAndRule,99.8,3,4,0.573170731707317,0.2716763005780347,0.3686274509803921,82
main,ifAndRule,99.8,3,8,0.5802469135802469,0.2716763005780347,0.3700787401574803,81
main,ifAndRule,99.8,3,16,0.5254237288135594,0.1791907514450867,0.2672413793103448,59
main,ifAndRule,99.8,4,0.1,0.5526315789473685,0.2427745664739884,0.3373493975903614,76
main,ifAndRule,99.8,4,0.25,0.5526315789473685,0.2427745664739884,0.3373493975903614,76
main,ifAndRule,99.8,4,0.5,0.5526315789473685,0.2427745664739884,0.3373493975903614,76
main,ifAndRule,99.8,4,1,0.5526315789473685,0.2427745664739884,0.3373493975903614,76
main,ifAndRule,99.8,4,2,0.5526315789473685,0.2427745664739884,0.3373493975903614,76
main,ifAndRule,99.8,4,4,0.5526315789473685,0.2427745664739884,0.3373493975903614,76
main,ifAndRule,99.8,4,8,0.5526315789473685,0.2427745664739884,0.3373493975903614,76
main,ifAndRule,99.8,4,16,0.5254237288135594,0.1791907514450867,0.2672413793103448,59
main,ifAndRule,99.8,5,0.1,0.5217391304347826,0.208092485549133,0.2975206611570248,69
main,ifAndRule,99.8,5,0.25,0.5217391304347826,0.208092485549133,0.2975206611570248,69
main,ifAndRule,99.8,5,0.5,0.5217391304347826,0.208092485549133,0.2975206611570248,69
main,ifAndRule,99.8,5,1,0.5217391304347826,0.208092485549133,0.2975206611570248,69
main,ifAndRule,99.8,5,2,0.5217391304347826,0.208092485549133,0.2975206611570248,69
main,ifAndRule,99.8,5,4,0.5217391304347826,0.208092485549133,0.2975206611570248,69
main,ifAndRule,99.8,5,8,0.5217391304347826,0.208092485549133,0.2975206611570248,69
main,ifAndRule,99.8,5,16,0.509090909090909,0.161849710982659,0.2456140350877193,55
main,ifAndRule,99.9,1.2,0.1,0.2916666666666667,0.04046242774566474,0.07106598984771574,24
main,ifAndRule,99.9,1.2,0.25,0.2916666666666667,0.04046242774566474,0.07106598984771574,24
main,ifAndRule,99.9,1.2,0.5,0.2916666666666667,0.04046242774566474,0.07106598984771574,24
main,ifAndRule,99.9,1.2,1,0.2916666666666667,0.04046242774566474,0.07106598984771574,24
main,ifAndRule,99.9,1.2,2,0.2916666666666667,0.04046242774566474,0.07106598984771574,24
main,ifAndRule,99.9,1.2,4,0.2916666666666667,0.04046242774566474,0.07106598984771574,24
main,ifAndRule,99.9,1.2,8,0.3043478260869565,0.04046242774566474,0.07142857142857144,23
main,ifAndRule,99.9,1.2,16,0.3181818181818182,0.04046242774566474,0.0717948717948718,22
main,ifAndRule,99.9,1.5,0.1,0.2916666666666667,0.04046242774566474,0.07106598984771574,24
main,ifAndRule,99.9,1.5,0.25,0.2916666666666667,0.04046242774566474,0.07106598984771574,24
main,ifAndRule,99.9,1.5,0.5,0.2916666666666667,0.04046242774566474,0.07106598984771574,24
main,ifAndRule,99.9,1.5,1,0.2916666666666667,0.04046242774566474,0.07106598984771574,24
main,ifAndRule,99.9,1.5,2,0.2916666666666667,0.04046242774566474,0.07106598984771574,24
main,ifAndRule,99.9,1.5,4,0.2916666666666667,0.04046242774566474,0.07106598984771574,24
main,ifAndRule,99.9,1.5,8,0.3043478260869565,0.04046242774566474,0.07142857142857144,23
main,ifAndRule,99.9,1.5,16,0.3181818181818182,0.04046242774566474,0.0717948717948718,22
main,ifAndRule,99.9,2,0.1,0.3181818181818182,0.04046242774566474,0.0717948717948718,22
main,ifAndRule,99.9,2,0.25,0.3181818181818182,0.04046242774566474,0.0717948717948718,22
main,ifAndRule,99.9,2,0.5,0.3181818181818182,0.04046242774566474,0.0717948717948718,22
main,ifAndRule,99.9,2,1,0.3181818181818182,0.04046242774566474,0.0717948717948718,22
main,ifAndRule,99.9,2,2,0.3181818181818182,0.04046242774566474,0.0717948717948718,22
main,ifAndRule,99.9,2,4,0.3181818181818182,0.04046242774566474,0.0717948717948718,22
main,ifAndRule,99.9,2,8,0.3181818181818182,0.04046242774566474,0.0717948717948718,22
main,ifAndRule,99.9,2,16,0.3181818181818182,0.04046242774566474,0.0717948717948718,22
main,ifAndRule,99.9,2.5,0.1,0.3181818181818182,0.04046242774566474,0.0717948717948718,22
main,ifAndRule,99.9,2.5,0.25,0.3181818181818182,0.04046242774566474,0.0717948717948718,22
main,ifAndRule,99.9,2.5,0.5,0.3181818181818182,0.04046242774566474,0.0717948717948718,22
main,ifAndRule,99.9,2.5,1,0.3181818181818182,0.04046242774566474,0.0717948717948718,22
main,ifAndRule,99.9,2.5,2,0.3181818181818182,0.04046242774566474,0.0717948717948718,22
main,ifAndRule,99.9,2.5,4,0.3181818181818182,0.04046242774566474,0.0717948717948718,22
main,ifAndRule,99.9,2.5,8,0.3181818181818182,0.04046242774566474,0.0717948717948718,22
main,ifAndRule,99.9,2.5,16,0.3181818181818182,0.04046242774566474,0.0717948717948718,22
main,ifAndRule,99.9,3,0.1,0.3181818181818182,0.04046242774566474,0.0717948717948718,22
main,ifAndRule,99.9,3,0.25,0.3181818181818182,0.04046242774566474,0.0717948717948718,22
main,ifAndRule,99.9,3,0.5,0.3181818181818182,0.04046242774566474,0.0717948717948718,22
main,ifAndRule,99.9,3,1,0.3181818181818182,0.04046242774566474,0.0717948717948718,22
main,ifAndRule,99.9,3,2,0.3181818181818182,0.04046242774566474,0.0717948717948718,22
main,ifAndRule,99.9,3,4,0.3181818181818182,0.04046242774566474,0.0717948717948718,22
main,ifAndRule,99.9,3,8,0.3181818181818182,0.04046242774566474,0.0717948717948718,22
main,ifAndRule,99.9,3,16,0.3181818181818182,0.04046242774566474,0.0717948717948718,22
main,ifAndRule,99.9,4,0.1,0.3181818181818182,0.04046242774566474,0.0717948717948718,22
main,ifAndRule,99.9,4,0.25,0.3181818181818182,0.04046242774566474,0.0717948717948718,22
main,ifAndRule,99.9,4,0.5,0.3181818181818182,0.04046242774566474,0.0717948717948718,22
main,ifAndRule,99.9,4,1,0.3181818181818182,0.04046242774566474,0.0717948717948718,22
main,ifAndRule,99.9,4,2,0.3181818181818182,0.04046242774566474,0.0717948717948718,22
main,ifAndRule,99.9,4,4,0.3181818181818182,0.04046242774566474,0.0717948717948718,22
main,ifAndRule,99.9,4,8,0.3181818181818182,0.04046242774566474,0.0717948717948718,22
main,ifAndRule,99.9,4,16,0.3181818181818182,0.04046242774566474,0.0717948717948718,22
main,ifAndRule,99.9,5,0.1,0.3333333333333333,0.04046242774566474,0.07216494845360825,21
main,ifAndRule,99.9,5,0.25,0.3333333333333333,0.04046242774566474,0.07216494845360825,21
main,ifAndRule,99.9,5,0.5,0.3333333333333333,0.04046242774566474,0.07216494845360825,21
main,ifAndRule,99.9,5,1,0.3333333333333333,0.04046242774566474,0.07216494845360825,21
main,ifAndRule,99.9,5,2,0.3333333333333333,0.04046242774566474,0.07216494845360825,21
main,ifAndRule,99.9,5,4,0.3333333333333333,0.04046242774566474,0.07216494845360825,21
main,ifAndRule,99.9,5,8,0.3333333333333333,0.04046242774566474,0.07216494845360825,21
main,ifAndRule,99.9,5,16,0.3333333333333333,0.04046242774566474,0.07216494845360825,21
main,ratioRule,,1.2,0.1,0.2012987012987013,0.8959537572254336,0.3287380699893956,770
main,ratioRule,,1.2,0.25,0.19921875,0.884393063583815,0.3251859723698194,768
main,ratioRule,,1.2,0.5,0.196078431372549,0.8670520231213873,0.3198294243070362,765
main,ratioRule,,1.2,1,0.1977869986168741,0.8265895953757225,0.3191964285714285,723
main,ratioRule,,1.2,2,0.2452830188679245,0.7514450867052023,0.3698435277382646,530
main,ratioRule,,1.2,4,0.3754789272030651,0.5664739884393064,0.4516129032258064,261
main,ratioRule,,1.2,8,0.5615384615384615,0.4219653179190752,0.4818481848184819,130
main,ratioRule,,1.2,16,0.5384615384615384,0.2023121387283237,0.2941176470588235,65
main,ratioRule,,1.5,0.1,0.2042553191489362,0.8323699421965318,0.3280182232346242,705
main,ratioRule,,1.5,0.25,0.2042553191489362,0.8323699421965318,0.3280182232346242,705
main,ratioRule,,1.5,0.5,0.2042553191489362,0.8323699421965318,0.3280182232346242,705
main,ratioRule,,1.5,1,0.1985714285714286,0.8034682080924855,0.3184421534936999,700
main,ratioRule,,1.5,2,0.2457142857142857,0.7456647398843931,0.3696275071633238,525
main,ratioRule,,1.5,4,0.3754789272030651,0.5664739884393064,0.4516129032258064,261
main,ratioRule,,1.5,8,0.5615384615384615,0.4219653179190752,0.4818481848184819,130
main,ratioRule,,1.5,16,0.5384615384615384,0.2023121387283237,0.2941176470588235,65
main,ratioRule,,2,0.1,0.2075757575757576,0.791907514450867,0.3289315726290516,660
main,ratioRule,,2,0.25,0.2075757575757576,0.791907514450867,0.3289315726290516,660
main,ratioRule,,2,0.5,0.2075757575757576,0.791907514450867,0.3289315726290516,660
main,ratioRule,,2,1,0.2075757575757576,0.791907514450867,0.3289315726290516,660
main,ratioRule,,2,2,0.252465483234714,0.7398843930635838,0.3764705882352941,507
main,ratioRule,,2,4,0.3783783783783784,0.5664739884393064,0.4537037037037037,259
main,ratioRule,,2,8,0.5658914728682171,0.4219653179190752,0.4834437086092715,129
main,ratioRule,,2,16,0.5384615384615384,0.2023121387283237,0.2941176470588235,65
main,ratioRule,,2.5,0.1,0.2689075630252101,0.7398843930635838,0.3944530046224962,476
main,ratioRule,,2.5,0.25,0.2689075630252101,0.7398843930635838,0.3944530046224962,476
main,ratioRule,,2.5,0.5,0.2689075630252101,0.7398843930635838,0.3944530046224962,476
main,ratioRule,,2.5,1,0.2689075630252101,0.7398843930635838,0.3944530046224962,476
main,ratioRule,,2.5,2,0.2627118644067797,0.7167630057803468,0.3844961240310077,472
main,ratioRule,,2.5,4,0.3958333333333333,0.5491329479768786,0.460048426150121,240
main,ratioRule,,2.5,8,0.5658914728682171,0.4219653179190752,0.4834437086092715,129
main,ratioRule,,2.5,16,0.5384615384615384,0.2023121387283237,0.2941176470588235,65
main,ratioRule,,3,0.1,0.2644444444444444,0.6878612716763006,0.3820224719101123,450
main,ratioRule,,3,0.25,0.2644444444444444,0.6878612716763006,0.3820224719101123,450
main,ratioRule,,3,0.5,0.2644444444444444,0.6878612716763006,0.3820224719101123,450
main,ratioRule,,3,1,0.2644444444444444,0.6878612716763006,0.3820224719101123,450
main,ratioRule,,3,2,0.2644444444444444,0.6878612716763006,0.3820224719101123,450
main,ratioRule,,3,4,0.4008620689655172,0.5375722543352601,0.4592592592592593,232
main,ratioRule,,3,8,0.5625,0.4161849710982659,0.478405315614618,128
main,ratioRule,,3,16,0.5384615384615384,0.2023121387283237,0.2941176470588235,65
main,ratioRule,,4,0.1,0.312280701754386,0.5144508670520231,0.388646288209607,285
main,ratioRule,,4,0.25,0.312280701754386,0.5144508670520231,0.388646288209607,285
main,ratioRule,,4,0.5,0.312280701754386,0.5144508670520231,0.388646288209607,285
main,ratioRule,,4,1,0.312280701754386,0.5144508670520231,0.388646288209607,285
main,ratioRule,,4,2,0.312280701754386,0.5144508670520231,0.388646288209607,285
main,ratioRule,,4,4,0.3761904761904762,0.4566473988439306,0.4125326370757181,210
main,ratioRule,,4,8,0.5338983050847458,0.3641618497109826,0.4329896907216495,118
main,ratioRule,,4,16,0.5384615384615384,0.2023121387283237,0.2941176470588235,65
main,ratioRule,,5,0.1,0.3567839195979899,0.4104046242774567,0.3817204301075269,199
main,ratioRule,,5,0.25,0.3567839195979899,0.4104046242774567,0.3817204301075269,199
main,ratioRule,,5,0.5,0.3567839195979899,0.4104046242774567,0.3817204301075269,199
main,ratioRule,,5,1,0.3567839195979899,0.4104046242774567,0.3817204301075269,199
main,ratioRule,,5,2,0.3567839195979899,0.4104046242774567,0.3817204301075269,199
main,ratioRule,,5,4,0.3567839195979899,0.4104046242774567,0.3817204301075269,199
main,ratioRule,,5,8,0.509090909090909,0.3236994219653179,0.3957597173144876,110
main,ratioRule,,5,16,0.5245901639344263,0.1849710982658959,0.2735042735042735,61
main,seasonalRule,,1.2,0.1,0.2278481012658228,0.3121387283236994,0.2634146341463414,237
main,seasonalRule,,1.2,0.25,0.2245762711864407,0.3063583815028902,0.2591687041564792,236
main,seasonalRule,,1.2,0.5,0.2212765957446808,0.3005780346820809,0.2549019607843138,235
main,seasonalRule,,1.2,1,0.2260869565217391,0.3005780346820809,0.2580645161290323,230
main,seasonalRule,,1.2,2,0.2678571428571428,0.2601156069364162,0.2639296187683284,168
main,seasonalRule,,1.2,4,0.3684210526315789,0.2023121387283237,0.2611940298507462,95
main,seasonalRule,,1.2,8,0.4210526315789473,0.138728323699422,0.2086956521739131,57
main,seasonalRule,,1.2,16,0.3529411764705883,0.06936416184971098,0.1159420289855072,34
main,seasonalRule,,1.5,0.1,0.23,0.2658959537572254,0.2466487935656836,200
main,seasonalRule,,1.5,0.25,0.23,0.2658959537572254,0.2466487935656836,200
main,seasonalRule,,1.5,0.5,0.23,0.2658959537572254,0.2466487935656836,200
main,seasonalRule,,1.5,1,0.23,0.2658959537572254,0.2466487935656836,200
main,seasonalRule,,1.5,2,0.2654320987654321,0.2485549132947977,0.2567164179104478,162
main,seasonalRule,,1.5,4,0.3655913978494624,0.1965317919075145,0.2556390977443609,93
main,seasonalRule,,1.5,8,0.4285714285714285,0.138728323699422,0.2096069868995633,56
main,seasonalRule,,1.5,16,0.3529411764705883,0.06936416184971098,0.1159420289855072,34
main,seasonalRule,,2,0.1,0.2335329341317365,0.2254335260115607,0.2294117647058823,167
main,seasonalRule,,2,0.25,0.2335329341317365,0.2254335260115607,0.2294117647058823,167
main,seasonalRule,,2,0.5,0.2335329341317365,0.2254335260115607,0.2294117647058823,167
main,seasonalRule,,2,1,0.2335329341317365,0.2254335260115607,0.2294117647058823,167
main,seasonalRule,,2,2,0.2676056338028169,0.2196531791907514,0.2412698412698413,142
main,seasonalRule,,2,4,0.3563218390804598,0.1791907514450867,0.2384615384615385,87
main,seasonalRule,,2,8,0.4259259259259259,0.1329479768786127,0.2026431718061674,54
main,seasonalRule,,2,16,0.3636363636363636,0.06936416184971098,0.116504854368932,33
main,seasonalRule,,2.5,0.1,0.2786885245901639,0.1965317919075145,0.2305084745762712,122
main,seasonalRule,,2.5,0.25,0.2786885245901639,0.1965317919075145,0.2305084745762712,122
main,seasonalRule,,2.5,0.5,0.2786885245901639,0.1965317919075145,0.2305084745762712,122
main,seasonalRule,,2.5,1,0.2786885245901639,0.1965317919075145,0.2305084745762712,122
main,seasonalRule,,2.5,2,0.2727272727272727,0.1907514450867052,0.2244897959183673,121
main,seasonalRule,,2.5,4,0.3552631578947368,0.1560693641618497,0.2168674698795181,76
main,seasonalRule,,2.5,8,0.4339622641509434,0.1329479768786127,0.2035398230088495,53
main,seasonalRule,,2.5,16,0.375,0.06936416184971098,0.1170731707317073,32
main,seasonalRule,,3,0.1,0.2660550458715596,0.1676300578034682,0.2056737588652482,109
main,seasonalRule,,3,0.25,0.2660550458715596,0.1676300578034682,0.2056737588652482,109
main,seasonalRule,,3,0.5,0.2660550458715596,0.1676300578034682,0.2056737588652482,109
main,seasonalRule,,3,1,0.2660550458715596,0.1676300578034682,0.2056737588652482,109
main,seasonalRule,,3,2,0.2660550458715596,0.1676300578034682,0.2056737588652482,109
main,seasonalRule,,3,4,0.3333333333333333,0.1329479768786127,0.1900826446280992,69
main,seasonalRule,,3,8,0.4,0.115606936416185,0.179372197309417,50
main,seasonalRule,,3,16,0.3548387096774194,0.06358381502890173,0.1078431372549019,31
main,seasonalRule,,4,0.1,0.2777777777777778,0.115606936416185,0.163265306122449,72
main,seasonalRule,,4,0.25,0.2777777777777778,0.115606936416185,0.163265306122449,72
main,seasonalRule,,4,0.5,0.2777777777777778,0.115606936416185,0.163265306122449,72
main,seasonalRule,,4,1,0.2777777777777778,0.115606936416185,0.163265306122449,72
main,seasonalRule,,4,2,0.2777777777777778,0.115606936416185,0.163265306122449,72
main,seasonalRule,,4,4,0.2830188679245283,0.08670520231213873,0.1327433628318584,53
main,seasonalRule,,4,8,0.3414634146341464,0.08092485549132948,0.1308411214953271,41
main,seasonalRule,,4,16,0.3666666666666666,0.06358381502890173,0.1083743842364532,30
main,seasonalRule,,5,0.1,0.2127659574468085,0.05780346820809248,0.09090909090909091,47
main,seasonalRule,,5,0.25,0.2127659574468085,0.05780346820809248,0.09090909090909091,47
main,seasonalRule,,5,0.5,0.2127659574468085,0.05780346820809248,0.09090909090909091,47
main,seasonalRule,,5,1,0.2127659574468085,0.05780346820809248,0.09090909090909091,47
main,seasonalRule,,5,2,0.2127659574468085,0.05780346820809248,0.09090909090909091,47
main,seasonalRule,,5,4,0.2127659574468085,0.05780346820809248,0.09090909090909091,47
main,seasonalRule,,5,8,0.25,0.05202312138728324,0.08612440191387559,36
main,seasonalRule,,5,16,0.2692307692307692,0.04046242774566474,0.07035175879396985,26
main,ifAndRuleCharged,95,1.2,0.1,0.4857142857142857,0.1965317919075145,0.2798353909465021,70
main,ifAndRuleCharged,95,1.2,0.25,0.4857142857142857,0.1965317919075145,0.2798353909465021,70
main,ifAndRuleCharged,95,1.2,0.5,0.4857142857142857,0.1965317919075145,0.2798353909465021,70
main,ifAndRuleCharged,95,1.2,1,0.4857142857142857,0.1965317919075145,0.2798353909465021,70
main,ifAndRuleCharged,95,1.2,2,0.4857142857142857,0.1965317919075145,0.2798353909465021,70
main,ifAndRuleCharged,95,1.2,4,0.4857142857142857,0.1965317919075145,0.2798353909465021,70
main,ifAndRuleCharged,95,1.2,8,0.5076923076923077,0.1907514450867052,0.2773109243697479,65
main,ifAndRuleCharged,95,1.2,16,0.5185185185185185,0.161849710982659,0.2466960352422908,54
main,ifAndRuleCharged,95,1.5,0.1,0.4857142857142857,0.1965317919075145,0.2798353909465021,70
main,ifAndRuleCharged,95,1.5,0.25,0.4857142857142857,0.1965317919075145,0.2798353909465021,70
main,ifAndRuleCharged,95,1.5,0.5,0.4857142857142857,0.1965317919075145,0.2798353909465021,70
main,ifAndRuleCharged,95,1.5,1,0.4857142857142857,0.1965317919075145,0.2798353909465021,70
main,ifAndRuleCharged,95,1.5,2,0.4857142857142857,0.1965317919075145,0.2798353909465021,70
main,ifAndRuleCharged,95,1.5,4,0.4857142857142857,0.1965317919075145,0.2798353909465021,70
main,ifAndRuleCharged,95,1.5,8,0.5076923076923077,0.1907514450867052,0.2773109243697479,65
main,ifAndRuleCharged,95,1.5,16,0.5185185185185185,0.161849710982659,0.2466960352422908,54
main,ifAndRuleCharged,95,2,0.1,0.5,0.1965317919075145,0.2821576763485477,68
main,ifAndRuleCharged,95,2,0.25,0.5,0.1965317919075145,0.2821576763485477,68
main,ifAndRuleCharged,95,2,0.5,0.5,0.1965317919075145,0.2821576763485477,68
main,ifAndRuleCharged,95,2,1,0.5,0.1965317919075145,0.2821576763485477,68
main,ifAndRuleCharged,95,2,2,0.5,0.1965317919075145,0.2821576763485477,68
main,ifAndRuleCharged,95,2,4,0.5,0.1965317919075145,0.2821576763485477,68
main,ifAndRuleCharged,95,2,8,0.515625,0.1907514450867052,0.2784810126582278,64
main,ifAndRuleCharged,95,2,16,0.5185185185185185,0.161849710982659,0.2466960352422908,54
main,ifAndRuleCharged,95,2.5,0.1,0.5,0.1965317919075145,0.2821576763485477,68
main,ifAndRuleCharged,95,2.5,0.25,0.5,0.1965317919075145,0.2821576763485477,68
main,ifAndRuleCharged,95,2.5,0.5,0.5,0.1965317919075145,0.2821576763485477,68
main,ifAndRuleCharged,95,2.5,1,0.5,0.1965317919075145,0.2821576763485477,68
main,ifAndRuleCharged,95,2.5,2,0.5,0.1965317919075145,0.2821576763485477,68
main,ifAndRuleCharged,95,2.5,4,0.5,0.1965317919075145,0.2821576763485477,68
main,ifAndRuleCharged,95,2.5,8,0.515625,0.1907514450867052,0.2784810126582278,64
main,ifAndRuleCharged,95,2.5,16,0.5185185185185185,0.161849710982659,0.2466960352422908,54
main,ifAndRuleCharged,95,3,0.1,0.5,0.1965317919075145,0.2821576763485477,68
main,ifAndRuleCharged,95,3,0.25,0.5,0.1965317919075145,0.2821576763485477,68
main,ifAndRuleCharged,95,3,0.5,0.5,0.1965317919075145,0.2821576763485477,68
main,ifAndRuleCharged,95,3,1,0.5,0.1965317919075145,0.2821576763485477,68
main,ifAndRuleCharged,95,3,2,0.5,0.1965317919075145,0.2821576763485477,68
main,ifAndRuleCharged,95,3,4,0.5,0.1965317919075145,0.2821576763485477,68
main,ifAndRuleCharged,95,3,8,0.515625,0.1907514450867052,0.2784810126582278,64
main,ifAndRuleCharged,95,3,16,0.5185185185185185,0.161849710982659,0.2466960352422908,54
main,ifAndRuleCharged,95,4,0.1,0.4925373134328358,0.1907514450867052,0.275,67
main,ifAndRuleCharged,95,4,0.25,0.4925373134328358,0.1907514450867052,0.275,67
main,ifAndRuleCharged,95,4,0.5,0.4925373134328358,0.1907514450867052,0.275,67
main,ifAndRuleCharged,95,4,1,0.4925373134328358,0.1907514450867052,0.275,67
main,ifAndRuleCharged,95,4,2,0.4925373134328358,0.1907514450867052,0.275,67
main,ifAndRuleCharged,95,4,4,0.4925373134328358,0.1907514450867052,0.275,67
main,ifAndRuleCharged,95,4,8,0.5079365079365079,0.1849710982658959,0.271186440677966,63
main,ifAndRuleCharged,95,4,16,0.5185185185185185,0.161849710982659,0.2466960352422908,54
main,ifAndRuleCharged,95,5,0.1,0.4769230769230769,0.1791907514450867,0.2605042016806722,65
main,ifAndRuleCharged,95,5,0.25,0.4769230769230769,0.1791907514450867,0.2605042016806722,65
main,ifAndRuleCharged,95,5,0.5,0.4769230769230769,0.1791907514450867,0.2605042016806722,65
main,ifAndRuleCharged,95,5,1,0.4769230769230769,0.1791907514450867,0.2605042016806722,65
main,ifAndRuleCharged,95,5,2,0.4769230769230769,0.1791907514450867,0.2605042016806722,65
main,ifAndRuleCharged,95,5,4,0.4769230769230769,0.1791907514450867,0.2605042016806722,65
main,ifAndRuleCharged,95,5,8,0.4918032786885246,0.1734104046242775,0.2564102564102564,61
main,ifAndRuleCharged,95,5,16,0.5,0.1502890173410405,0.2311111111111111,52
main,ifAndRuleCharged,97,1.2,0.1,0.4117647058823529,0.08092485549132948,0.1352657004830918,34
main,ifAndRuleCharged,97,1.2,0.25,0.4117647058823529,0.08092485549132948,0.1352657004830918,34
main,ifAndRuleCharged,97,1.2,0.5,0.4117647058823529,0.08092485549132948,0.1352657004830918,34
main,ifAndRuleCharged,97,1.2,1,0.4117647058823529,0.08092485549132948,0.1352657004830918,34
main,ifAndRuleCharged,97,1.2,2,0.4117647058823529,0.08092485549132948,0.1352657004830918,34
main,ifAndRuleCharged,97,1.2,4,0.4117647058823529,0.08092485549132948,0.1352657004830918,34
main,ifAndRuleCharged,97,1.2,8,0.4242424242424243,0.08092485549132948,0.1359223300970874,33
main,ifAndRuleCharged,97,1.2,16,0.4516129032258064,0.08092485549132948,0.1372549019607843,31
main,ifAndRuleCharged,97,1.5,0.1,0.4117647058823529,0.08092485549132948,0.1352657004830918,34
main,ifAndRuleCharged,97,1.5,0.25,0.4117647058823529,0.08092485549132948,0.1352657004830918,34
main,ifAndRuleCharged,97,1.5,0.5,0.4117647058823529,0.08092485549132948,0.1352657004830918,34
main,ifAndRuleCharged,97,1.5,1,0.4117647058823529,0.08092485549132948,0.1352657004830918,34
main,ifAndRuleCharged,97,1.5,2,0.4117647058823529,0.08092485549132948,0.1352657004830918,34
main,ifAndRuleCharged,97,1.5,4,0.4117647058823529,0.08092485549132948,0.1352657004830918,34
main,ifAndRuleCharged,97,1.5,8,0.4242424242424243,0.08092485549132948,0.1359223300970874,33
main,ifAndRuleCharged,97,1.5,16,0.4516129032258064,0.08092485549132948,0.1372549019607843,31
main,ifAndRuleCharged,97,2,0.1,0.4117647058823529,0.08092485549132948,0.1352657004830918,34
main,ifAndRuleCharged,97,2,0.25,0.4117647058823529,0.08092485549132948,0.1352657004830918,34
main,ifAndRuleCharged,97,2,0.5,0.4117647058823529,0.08092485549132948,0.1352657004830918,34
main,ifAndRuleCharged,97,2,1,0.4117647058823529,0.08092485549132948,0.1352657004830918,34
main,ifAndRuleCharged,97,2,2,0.4117647058823529,0.08092485549132948,0.1352657004830918,34
main,ifAndRuleCharged,97,2,4,0.4117647058823529,0.08092485549132948,0.1352657004830918,34
main,ifAndRuleCharged,97,2,8,0.4242424242424243,0.08092485549132948,0.1359223300970874,33
main,ifAndRuleCharged,97,2,16,0.4516129032258064,0.08092485549132948,0.1372549019607843,31
main,ifAndRuleCharged,97,2.5,0.1,0.4117647058823529,0.08092485549132948,0.1352657004830918,34
main,ifAndRuleCharged,97,2.5,0.25,0.4117647058823529,0.08092485549132948,0.1352657004830918,34
main,ifAndRuleCharged,97,2.5,0.5,0.4117647058823529,0.08092485549132948,0.1352657004830918,34
main,ifAndRuleCharged,97,2.5,1,0.4117647058823529,0.08092485549132948,0.1352657004830918,34
main,ifAndRuleCharged,97,2.5,2,0.4117647058823529,0.08092485549132948,0.1352657004830918,34
main,ifAndRuleCharged,97,2.5,4,0.4117647058823529,0.08092485549132948,0.1352657004830918,34
main,ifAndRuleCharged,97,2.5,8,0.4242424242424243,0.08092485549132948,0.1359223300970874,33
main,ifAndRuleCharged,97,2.5,16,0.4516129032258064,0.08092485549132948,0.1372549019607843,31
main,ifAndRuleCharged,97,3,0.1,0.4117647058823529,0.08092485549132948,0.1352657004830918,34
main,ifAndRuleCharged,97,3,0.25,0.4117647058823529,0.08092485549132948,0.1352657004830918,34
main,ifAndRuleCharged,97,3,0.5,0.4117647058823529,0.08092485549132948,0.1352657004830918,34
main,ifAndRuleCharged,97,3,1,0.4117647058823529,0.08092485549132948,0.1352657004830918,34
main,ifAndRuleCharged,97,3,2,0.4117647058823529,0.08092485549132948,0.1352657004830918,34
main,ifAndRuleCharged,97,3,4,0.4117647058823529,0.08092485549132948,0.1352657004830918,34
main,ifAndRuleCharged,97,3,8,0.4242424242424243,0.08092485549132948,0.1359223300970874,33
main,ifAndRuleCharged,97,3,16,0.4516129032258064,0.08092485549132948,0.1372549019607843,31
main,ifAndRuleCharged,97,4,0.1,0.4117647058823529,0.08092485549132948,0.1352657004830918,34
main,ifAndRuleCharged,97,4,0.25,0.4117647058823529,0.08092485549132948,0.1352657004830918,34
main,ifAndRuleCharged,97,4,0.5,0.4117647058823529,0.08092485549132948,0.1352657004830918,34
main,ifAndRuleCharged,97,4,1,0.4117647058823529,0.08092485549132948,0.1352657004830918,34
main,ifAndRuleCharged,97,4,2,0.4117647058823529,0.08092485549132948,0.1352657004830918,34
main,ifAndRuleCharged,97,4,4,0.4117647058823529,0.08092485549132948,0.1352657004830918,34
main,ifAndRuleCharged,97,4,8,0.4242424242424243,0.08092485549132948,0.1359223300970874,33
main,ifAndRuleCharged,97,4,16,0.4516129032258064,0.08092485549132948,0.1372549019607843,31
main,ifAndRuleCharged,97,5,0.1,0.4117647058823529,0.08092485549132948,0.1352657004830918,34
main,ifAndRuleCharged,97,5,0.25,0.4117647058823529,0.08092485549132948,0.1352657004830918,34
main,ifAndRuleCharged,97,5,0.5,0.4117647058823529,0.08092485549132948,0.1352657004830918,34
main,ifAndRuleCharged,97,5,1,0.4117647058823529,0.08092485549132948,0.1352657004830918,34
main,ifAndRuleCharged,97,5,2,0.4117647058823529,0.08092485549132948,0.1352657004830918,34
main,ifAndRuleCharged,97,5,4,0.4117647058823529,0.08092485549132948,0.1352657004830918,34
main,ifAndRuleCharged,97,5,8,0.4242424242424243,0.08092485549132948,0.1359223300970874,33
main,ifAndRuleCharged,97,5,16,0.4516129032258064,0.08092485549132948,0.1372549019607843,31
main,ifAndRuleCharged,98,1.2,0.1,0.2222222222222222,0.02312138728323699,0.0418848167539267,18
main,ifAndRuleCharged,98,1.2,0.25,0.2222222222222222,0.02312138728323699,0.0418848167539267,18
main,ifAndRuleCharged,98,1.2,0.5,0.2222222222222222,0.02312138728323699,0.0418848167539267,18
main,ifAndRuleCharged,98,1.2,1,0.2222222222222222,0.02312138728323699,0.0418848167539267,18
main,ifAndRuleCharged,98,1.2,2,0.2222222222222222,0.02312138728323699,0.0418848167539267,18
main,ifAndRuleCharged,98,1.2,4,0.2222222222222222,0.02312138728323699,0.0418848167539267,18
main,ifAndRuleCharged,98,1.2,8,0.2222222222222222,0.02312138728323699,0.0418848167539267,18
main,ifAndRuleCharged,98,1.2,16,0.2222222222222222,0.02312138728323699,0.0418848167539267,18
main,ifAndRuleCharged,98,1.5,0.1,0.2222222222222222,0.02312138728323699,0.0418848167539267,18
main,ifAndRuleCharged,98,1.5,0.25,0.2222222222222222,0.02312138728323699,0.0418848167539267,18
main,ifAndRuleCharged,98,1.5,0.5,0.2222222222222222,0.02312138728323699,0.0418848167539267,18
main,ifAndRuleCharged,98,1.5,1,0.2222222222222222,0.02312138728323699,0.0418848167539267,18
main,ifAndRuleCharged,98,1.5,2,0.2222222222222222,0.02312138728323699,0.0418848167539267,18
main,ifAndRuleCharged,98,1.5,4,0.2222222222222222,0.02312138728323699,0.0418848167539267,18
main,ifAndRuleCharged,98,1.5,8,0.2222222222222222,0.02312138728323699,0.0418848167539267,18
main,ifAndRuleCharged,98,1.5,16,0.2222222222222222,0.02312138728323699,0.0418848167539267,18
main,ifAndRuleCharged,98,2,0.1,0.2222222222222222,0.02312138728323699,0.0418848167539267,18
main,ifAndRuleCharged,98,2,0.25,0.2222222222222222,0.02312138728323699,0.0418848167539267,18
main,ifAndRuleCharged,98,2,0.5,0.2222222222222222,0.02312138728323699,0.0418848167539267,18
main,ifAndRuleCharged,98,2,1,0.2222222222222222,0.02312138728323699,0.0418848167539267,18
main,ifAndRuleCharged,98,2,2,0.2222222222222222,0.02312138728323699,0.0418848167539267,18
main,ifAndRuleCharged,98,2,4,0.2222222222222222,0.02312138728323699,0.0418848167539267,18
main,ifAndRuleCharged,98,2,8,0.2222222222222222,0.02312138728323699,0.0418848167539267,18
main,ifAndRuleCharged,98,2,16,0.2222222222222222,0.02312138728323699,0.0418848167539267,18
main,ifAndRuleCharged,98,2.5,0.1,0.2222222222222222,0.02312138728323699,0.0418848167539267,18
main,ifAndRuleCharged,98,2.5,0.25,0.2222222222222222,0.02312138728323699,0.0418848167539267,18
main,ifAndRuleCharged,98,2.5,0.5,0.2222222222222222,0.02312138728323699,0.0418848167539267,18
main,ifAndRuleCharged,98,2.5,1,0.2222222222222222,0.02312138728323699,0.0418848167539267,18
main,ifAndRuleCharged,98,2.5,2,0.2222222222222222,0.02312138728323699,0.0418848167539267,18
main,ifAndRuleCharged,98,2.5,4,0.2222222222222222,0.02312138728323699,0.0418848167539267,18
main,ifAndRuleCharged,98,2.5,8,0.2222222222222222,0.02312138728323699,0.0418848167539267,18
main,ifAndRuleCharged,98,2.5,16,0.2222222222222222,0.02312138728323699,0.0418848167539267,18
main,ifAndRuleCharged,98,3,0.1,0.2222222222222222,0.02312138728323699,0.0418848167539267,18
main,ifAndRuleCharged,98,3,0.25,0.2222222222222222,0.02312138728323699,0.0418848167539267,18
main,ifAndRuleCharged,98,3,0.5,0.2222222222222222,0.02312138728323699,0.0418848167539267,18
main,ifAndRuleCharged,98,3,1,0.2222222222222222,0.02312138728323699,0.0418848167539267,18
main,ifAndRuleCharged,98,3,2,0.2222222222222222,0.02312138728323699,0.0418848167539267,18
main,ifAndRuleCharged,98,3,4,0.2222222222222222,0.02312138728323699,0.0418848167539267,18
main,ifAndRuleCharged,98,3,8,0.2222222222222222,0.02312138728323699,0.0418848167539267,18
main,ifAndRuleCharged,98,3,16,0.2222222222222222,0.02312138728323699,0.0418848167539267,18
main,ifAndRuleCharged,98,4,0.1,0.2222222222222222,0.02312138728323699,0.0418848167539267,18
main,ifAndRuleCharged,98,4,0.25,0.2222222222222222,0.02312138728323699,0.0418848167539267,18
main,ifAndRuleCharged,98,4,0.5,0.2222222222222222,0.02312138728323699,0.0418848167539267,18
main,ifAndRuleCharged,98,4,1,0.2222222222222222,0.02312138728323699,0.0418848167539267,18
main,ifAndRuleCharged,98,4,2,0.2222222222222222,0.02312138728323699,0.0418848167539267,18
main,ifAndRuleCharged,98,4,4,0.2222222222222222,0.02312138728323699,0.0418848167539267,18
main,ifAndRuleCharged,98,4,8,0.2222222222222222,0.02312138728323699,0.0418848167539267,18
main,ifAndRuleCharged,98,4,16,0.2222222222222222,0.02312138728323699,0.0418848167539267,18
main,ifAndRuleCharged,98,5,0.1,0.2222222222222222,0.02312138728323699,0.0418848167539267,18
main,ifAndRuleCharged,98,5,0.25,0.2222222222222222,0.02312138728323699,0.0418848167539267,18
main,ifAndRuleCharged,98,5,0.5,0.2222222222222222,0.02312138728323699,0.0418848167539267,18
main,ifAndRuleCharged,98,5,1,0.2222222222222222,0.02312138728323699,0.0418848167539267,18
main,ifAndRuleCharged,98,5,2,0.2222222222222222,0.02312138728323699,0.0418848167539267,18
main,ifAndRuleCharged,98,5,4,0.2222222222222222,0.02312138728323699,0.0418848167539267,18
main,ifAndRuleCharged,98,5,8,0.2222222222222222,0.02312138728323699,0.0418848167539267,18
main,ifAndRuleCharged,98,5,16,0.2222222222222222,0.02312138728323699,0.0418848167539267,18
main,ifAndRuleCharged,99,1.2,0.1,0.1538461538461539,0.0115606936416185,0.02150537634408602,13
main,ifAndRuleCharged,99,1.2,0.25,0.1538461538461539,0.0115606936416185,0.02150537634408602,13
main,ifAndRuleCharged,99,1.2,0.5,0.1538461538461539,0.0115606936416185,0.02150537634408602,13
main,ifAndRuleCharged,99,1.2,1,0.1538461538461539,0.0115606936416185,0.02150537634408602,13
main,ifAndRuleCharged,99,1.2,2,0.1538461538461539,0.0115606936416185,0.02150537634408602,13
main,ifAndRuleCharged,99,1.2,4,0.1538461538461539,0.0115606936416185,0.02150537634408602,13
main,ifAndRuleCharged,99,1.2,8,0.1538461538461539,0.0115606936416185,0.02150537634408602,13
main,ifAndRuleCharged,99,1.2,16,0.1538461538461539,0.0115606936416185,0.02150537634408602,13
main,ifAndRuleCharged,99,1.5,0.1,0.1538461538461539,0.0115606936416185,0.02150537634408602,13
main,ifAndRuleCharged,99,1.5,0.25,0.1538461538461539,0.0115606936416185,0.02150537634408602,13
main,ifAndRuleCharged,99,1.5,0.5,0.1538461538461539,0.0115606936416185,0.02150537634408602,13
main,ifAndRuleCharged,99,1.5,1,0.1538461538461539,0.0115606936416185,0.02150537634408602,13
main,ifAndRuleCharged,99,1.5,2,0.1538461538461539,0.0115606936416185,0.02150537634408602,13
main,ifAndRuleCharged,99,1.5,4,0.1538461538461539,0.0115606936416185,0.02150537634408602,13
main,ifAndRuleCharged,99,1.5,8,0.1538461538461539,0.0115606936416185,0.02150537634408602,13
main,ifAndRuleCharged,99,1.5,16,0.1538461538461539,0.0115606936416185,0.02150537634408602,13
main,ifAndRuleCharged,99,2,0.1,0.1538461538461539,0.0115606936416185,0.02150537634408602,13
main,ifAndRuleCharged,99,2,0.25,0.1538461538461539,0.0115606936416185,0.02150537634408602,13
main,ifAndRuleCharged,99,2,0.5,0.1538461538461539,0.0115606936416185,0.02150537634408602,13
main,ifAndRuleCharged,99,2,1,0.1538461538461539,0.0115606936416185,0.02150537634408602,13
main,ifAndRuleCharged,99,2,2,0.1538461538461539,0.0115606936416185,0.02150537634408602,13
main,ifAndRuleCharged,99,2,4,0.1538461538461539,0.0115606936416185,0.02150537634408602,13
main,ifAndRuleCharged,99,2,8,0.1538461538461539,0.0115606936416185,0.02150537634408602,13
main,ifAndRuleCharged,99,2,16,0.1538461538461539,0.0115606936416185,0.02150537634408602,13
main,ifAndRuleCharged,99,2.5,0.1,0.1538461538461539,0.0115606936416185,0.02150537634408602,13
main,ifAndRuleCharged,99,2.5,0.25,0.1538461538461539,0.0115606936416185,0.02150537634408602,13
main,ifAndRuleCharged,99,2.5,0.5,0.1538461538461539,0.0115606936416185,0.02150537634408602,13
main,ifAndRuleCharged,99,2.5,1,0.1538461538461539,0.0115606936416185,0.02150537634408602,13
main,ifAndRuleCharged,99,2.5,2,0.1538461538461539,0.0115606936416185,0.02150537634408602,13
main,ifAndRuleCharged,99,2.5,4,0.1538461538461539,0.0115606936416185,0.02150537634408602,13
main,ifAndRuleCharged,99,2.5,8,0.1538461538461539,0.0115606936416185,0.02150537634408602,13
main,ifAndRuleCharged,99,2.5,16,0.1538461538461539,0.0115606936416185,0.02150537634408602,13
main,ifAndRuleCharged,99,3,0.1,0.1538461538461539,0.0115606936416185,0.02150537634408602,13
main,ifAndRuleCharged,99,3,0.25,0.1538461538461539,0.0115606936416185,0.02150537634408602,13
main,ifAndRuleCharged,99,3,0.5,0.1538461538461539,0.0115606936416185,0.02150537634408602,13
main,ifAndRuleCharged,99,3,1,0.1538461538461539,0.0115606936416185,0.02150537634408602,13
main,ifAndRuleCharged,99,3,2,0.1538461538461539,0.0115606936416185,0.02150537634408602,13
main,ifAndRuleCharged,99,3,4,0.1538461538461539,0.0115606936416185,0.02150537634408602,13
main,ifAndRuleCharged,99,3,8,0.1538461538461539,0.0115606936416185,0.02150537634408602,13
main,ifAndRuleCharged,99,3,16,0.1538461538461539,0.0115606936416185,0.02150537634408602,13
main,ifAndRuleCharged,99,4,0.1,0.1538461538461539,0.0115606936416185,0.02150537634408602,13
main,ifAndRuleCharged,99,4,0.25,0.1538461538461539,0.0115606936416185,0.02150537634408602,13
main,ifAndRuleCharged,99,4,0.5,0.1538461538461539,0.0115606936416185,0.02150537634408602,13
main,ifAndRuleCharged,99,4,1,0.1538461538461539,0.0115606936416185,0.02150537634408602,13
main,ifAndRuleCharged,99,4,2,0.1538461538461539,0.0115606936416185,0.02150537634408602,13
main,ifAndRuleCharged,99,4,4,0.1538461538461539,0.0115606936416185,0.02150537634408602,13
main,ifAndRuleCharged,99,4,8,0.1538461538461539,0.0115606936416185,0.02150537634408602,13
main,ifAndRuleCharged,99,4,16,0.1538461538461539,0.0115606936416185,0.02150537634408602,13
main,ifAndRuleCharged,99,5,0.1,0.1538461538461539,0.0115606936416185,0.02150537634408602,13
main,ifAndRuleCharged,99,5,0.25,0.1538461538461539,0.0115606936416185,0.02150537634408602,13
main,ifAndRuleCharged,99,5,0.5,0.1538461538461539,0.0115606936416185,0.02150537634408602,13
main,ifAndRuleCharged,99,5,1,0.1538461538461539,0.0115606936416185,0.02150537634408602,13
main,ifAndRuleCharged,99,5,2,0.1538461538461539,0.0115606936416185,0.02150537634408602,13
main,ifAndRuleCharged,99,5,4,0.1538461538461539,0.0115606936416185,0.02150537634408602,13
main,ifAndRuleCharged,99,5,8,0.1538461538461539,0.0115606936416185,0.02150537634408602,13
main,ifAndRuleCharged,99,5,16,0.1538461538461539,0.0115606936416185,0.02150537634408602,13
main,ifAndRuleCharged,99.5,1.2,0.1,0,0,0,3
main,ifAndRuleCharged,99.5,1.2,0.25,0,0,0,3
main,ifAndRuleCharged,99.5,1.2,0.5,0,0,0,3
main,ifAndRuleCharged,99.5,1.2,1,0,0,0,3
main,ifAndRuleCharged,99.5,1.2,2,0,0,0,3
main,ifAndRuleCharged,99.5,1.2,4,0,0,0,3
main,ifAndRuleCharged,99.5,1.2,8,0,0,0,3
main,ifAndRuleCharged,99.5,1.2,16,0,0,0,3
main,ifAndRuleCharged,99.5,1.5,0.1,0,0,0,3
main,ifAndRuleCharged,99.5,1.5,0.25,0,0,0,3
main,ifAndRuleCharged,99.5,1.5,0.5,0,0,0,3
main,ifAndRuleCharged,99.5,1.5,1,0,0,0,3
main,ifAndRuleCharged,99.5,1.5,2,0,0,0,3
main,ifAndRuleCharged,99.5,1.5,4,0,0,0,3
main,ifAndRuleCharged,99.5,1.5,8,0,0,0,3
main,ifAndRuleCharged,99.5,1.5,16,0,0,0,3
main,ifAndRuleCharged,99.5,2,0.1,0,0,0,3
main,ifAndRuleCharged,99.5,2,0.25,0,0,0,3
main,ifAndRuleCharged,99.5,2,0.5,0,0,0,3
main,ifAndRuleCharged,99.5,2,1,0,0,0,3
main,ifAndRuleCharged,99.5,2,2,0,0,0,3
main,ifAndRuleCharged,99.5,2,4,0,0,0,3
main,ifAndRuleCharged,99.5,2,8,0,0,0,3
main,ifAndRuleCharged,99.5,2,16,0,0,0,3
main,ifAndRuleCharged,99.5,2.5,0.1,0,0,0,3
main,ifAndRuleCharged,99.5,2.5,0.25,0,0,0,3
main,ifAndRuleCharged,99.5,2.5,0.5,0,0,0,3
main,ifAndRuleCharged,99.5,2.5,1,0,0,0,3
main,ifAndRuleCharged,99.5,2.5,2,0,0,0,3
main,ifAndRuleCharged,99.5,2.5,4,0,0,0,3
main,ifAndRuleCharged,99.5,2.5,8,0,0,0,3
main,ifAndRuleCharged,99.5,2.5,16,0,0,0,3
main,ifAndRuleCharged,99.5,3,0.1,0,0,0,3
main,ifAndRuleCharged,99.5,3,0.25,0,0,0,3
main,ifAndRuleCharged,99.5,3,0.5,0,0,0,3
main,ifAndRuleCharged,99.5,3,1,0,0,0,3
main,ifAndRuleCharged,99.5,3,2,0,0,0,3
main,ifAndRuleCharged,99.5,3,4,0,0,0,3
main,ifAndRuleCharged,99.5,3,8,0,0,0,3
main,ifAndRuleCharged,99.5,3,16,0,0,0,3
main,ifAndRuleCharged,99.5,4,0.1,0,0,0,3
main,ifAndRuleCharged,99.5,4,0.25,0,0,0,3
main,ifAndRuleCharged,99.5,4,0.5,0,0,0,3
main,ifAndRuleCharged,99.5,4,1,0,0,0,3
main,ifAndRuleCharged,99.5,4,2,0,0,0,3
main,ifAndRuleCharged,99.5,4,4,0,0,0,3
main,ifAndRuleCharged,99.5,4,8,0,0,0,3
main,ifAndRuleCharged,99.5,4,16,0,0,0,3
main,ifAndRuleCharged,99.5,5,0.1,0,0,0,3
main,ifAndRuleCharged,99.5,5,0.25,0,0,0,3
main,ifAndRuleCharged,99.5,5,0.5,0,0,0,3
main,ifAndRuleCharged,99.5,5,1,0,0,0,3
main,ifAndRuleCharged,99.5,5,2,0,0,0,3
main,ifAndRuleCharged,99.5,5,4,0,0,0,3
main,ifAndRuleCharged,99.5,5,8,0,0,0,3
main,ifAndRuleCharged,99.5,5,16,0,0,0,3
main,ifAndRuleCharged,99.8,1.2,0.1,0,0,0,0
main,ifAndRuleCharged,99.8,1.2,0.25,0,0,0,0
main,ifAndRuleCharged,99.8,1.2,0.5,0,0,0,0
main,ifAndRuleCharged,99.8,1.2,1,0,0,0,0
main,ifAndRuleCharged,99.8,1.2,2,0,0,0,0
main,ifAndRuleCharged,99.8,1.2,4,0,0,0,0
main,ifAndRuleCharged,99.8,1.2,8,0,0,0,0
main,ifAndRuleCharged,99.8,1.2,16,0,0,0,0
main,ifAndRuleCharged,99.8,1.5,0.1,0,0,0,0
main,ifAndRuleCharged,99.8,1.5,0.25,0,0,0,0
main,ifAndRuleCharged,99.8,1.5,0.5,0,0,0,0
main,ifAndRuleCharged,99.8,1.5,1,0,0,0,0
main,ifAndRuleCharged,99.8,1.5,2,0,0,0,0
main,ifAndRuleCharged,99.8,1.5,4,0,0,0,0
main,ifAndRuleCharged,99.8,1.5,8,0,0,0,0
main,ifAndRuleCharged,99.8,1.5,16,0,0,0,0
main,ifAndRuleCharged,99.8,2,0.1,0,0,0,0
main,ifAndRuleCharged,99.8,2,0.25,0,0,0,0
main,ifAndRuleCharged,99.8,2,0.5,0,0,0,0
main,ifAndRuleCharged,99.8,2,1,0,0,0,0
main,ifAndRuleCharged,99.8,2,2,0,0,0,0
main,ifAndRuleCharged,99.8,2,4,0,0,0,0
main,ifAndRuleCharged,99.8,2,8,0,0,0,0
main,ifAndRuleCharged,99.8,2,16,0,0,0,0
main,ifAndRuleCharged,99.8,2.5,0.1,0,0,0,0
main,ifAndRuleCharged,99.8,2.5,0.25,0,0,0,0
main,ifAndRuleCharged,99.8,2.5,0.5,0,0,0,0
main,ifAndRuleCharged,99.8,2.5,1,0,0,0,0
main,ifAndRuleCharged,99.8,2.5,2,0,0,0,0
main,ifAndRuleCharged,99.8,2.5,4,0,0,0,0
main,ifAndRuleCharged,99.8,2.5,8,0,0,0,0
main,ifAndRuleCharged,99.8,2.5,16,0,0,0,0
main,ifAndRuleCharged,99.8,3,0.1,0,0,0,0
main,ifAndRuleCharged,99.8,3,0.25,0,0,0,0
main,ifAndRuleCharged,99.8,3,0.5,0,0,0,0
main,ifAndRuleCharged,99.8,3,1,0,0,0,0
main,ifAndRuleCharged,99.8,3,2,0,0,0,0
main,ifAndRuleCharged,99.8,3,4,0,0,0,0
main,ifAndRuleCharged,99.8,3,8,0,0,0,0
main,ifAndRuleCharged,99.8,3,16,0,0,0,0
main,ifAndRuleCharged,99.8,4,0.1,0,0,0,0
main,ifAndRuleCharged,99.8,4,0.25,0,0,0,0
main,ifAndRuleCharged,99.8,4,0.5,0,0,0,0
main,ifAndRuleCharged,99.8,4,1,0,0,0,0
main,ifAndRuleCharged,99.8,4,2,0,0,0,0
main,ifAndRuleCharged,99.8,4,4,0,0,0,0
main,ifAndRuleCharged,99.8,4,8,0,0,0,0
main,ifAndRuleCharged,99.8,4,16,0,0,0,0
main,ifAndRuleCharged,99.8,5,0.1,0,0,0,0
main,ifAndRuleCharged,99.8,5,0.25,0,0,0,0
main,ifAndRuleCharged,99.8,5,0.5,0,0,0,0
main,ifAndRuleCharged,99.8,5,1,0,0,0,0
main,ifAndRuleCharged,99.8,5,2,0,0,0,0
main,ifAndRuleCharged,99.8,5,4,0,0,0,0
main,ifAndRuleCharged,99.8,5,8,0,0,0,0
main,ifAndRuleCharged,99.8,5,16,0,0,0,0
main,ifAndRuleCharged,99.9,1.2,0.1,0,0,0,0
main,ifAndRuleCharged,99.9,1.2,0.25,0,0,0,0
main,ifAndRuleCharged,99.9,1.2,0.5,0,0,0,0
main,ifAndRuleCharged,99.9,1.2,1,0,0,0,0
main,ifAndRuleCharged,99.9,1.2,2,0,0,0,0
main,ifAndRuleCharged,99.9,1.2,4,0,0,0,0
main,ifAndRuleCharged,99.9,1.2,8,0,0,0,0
main,ifAndRuleCharged,99.9,1.2,16,0,0,0,0
main,ifAndRuleCharged,99.9,1.5,0.1,0,0,0,0
main,ifAndRuleCharged,99.9,1.5,0.25,0,0,0,0
main,ifAndRuleCharged,99.9,1.5,0.5,0,0,0,0
main,ifAndRuleCharged,99.9,1.5,1,0,0,0,0
main,ifAndRuleCharged,99.9,1.5,2,0,0,0,0
main,ifAndRuleCharged,99.9,1.5,4,0,0,0,0
main,ifAndRuleCharged,99.9,1.5,8,0,0,0,0
main,ifAndRuleCharged,99.9,1.5,16,0,0,0,0
main,ifAndRuleCharged,99.9,2,0.1,0,0,0,0
main,ifAndRuleCharged,99.9,2,0.25,0,0,0,0
main,ifAndRuleCharged,99.9,2,0.5,0,0,0,0
main,ifAndRuleCharged,99.9,2,1,0,0,0,0
main,ifAndRuleCharged,99.9,2,2,0,0,0,0
main,ifAndRuleCharged,99.9,2,4,0,0,0,0
main,ifAndRuleCharged,99.9,2,8,0,0,0,0
main,ifAndRuleCharged,99.9,2,16,0,0,0,0
main,ifAndRuleCharged,99.9,2.5,0.1,0,0,0,0
main,ifAndRuleCharged,99.9,2.5,0.25,0,0,0,0
main,ifAndRuleCharged,99.9,2.5,0.5,0,0,0,0
main,ifAndRuleCharged,99.9,2.5,1,0,0,0,0
main,ifAndRuleCharged,99.9,2.5,2,0,0,0,0
main,ifAndRuleCharged,99.9,2.5,4,0,0,0,0
main,ifAndRuleCharged,99.9,2.5,8,0,0,0,0
main,ifAndRuleCharged,99.9,2.5,16,0,0,0,0
main,ifAndRuleCharged,99.9,3,0.1,0,0,0,0
main,ifAndRuleCharged,99.9,3,0.25,0,0,0,0
main,ifAndRuleCharged,99.9,3,0.5,0,0,0,0
main,ifAndRuleCharged,99.9,3,1,0,0,0,0
main,ifAndRuleCharged,99.9,3,2,0,0,0,0
main,ifAndRuleCharged,99.9,3,4,0,0,0,0
main,ifAndRuleCharged,99.9,3,8,0,0,0,0
main,ifAndRuleCharged,99.9,3,16,0,0,0,0
main,ifAndRuleCharged,99.9,4,0.1,0,0,0,0
main,ifAndRuleCharged,99.9,4,0.25,0,0,0,0
main,ifAndRuleCharged,99.9,4,0.5,0,0,0,0
main,ifAndRuleCharged,99.9,4,1,0,0,0,0
main,ifAndRuleCharged,99.9,4,2,0,0,0,0
main,ifAndRuleCharged,99.9,4,4,0,0,0,0
main,ifAndRuleCharged,99.9,4,8,0,0,0,0
main,ifAndRuleCharged,99.9,4,16,0,0,0,0
main,ifAndRuleCharged,99.9,5,0.1,0,0,0,0
main,ifAndRuleCharged,99.9,5,0.25,0,0,0,0
main,ifAndRuleCharged,99.9,5,0.5,0,0,0,0
main,ifAndRuleCharged,99.9,5,1,0,0,0,0
main,ifAndRuleCharged,99.9,5,2,0,0,0,0
main,ifAndRuleCharged,99.9,5,4,0,0,0,0
main,ifAndRuleCharged,99.9,5,8,0,0,0,0
main,ifAndRuleCharged,99.9,5,16,0,0,0,0
main,medianRatioRule,,1.2,0.1,0.2923728813559322,0.7976878612716763,0.427906976744186,472
main,medianRatioRule,,1.2,0.25,0.2893617021276595,0.7861271676300579,0.4230171073094868,470
main,medianRatioRule,,1.2,0.5,0.284796573875803,0.7687861271676301,0.415625,467
main,medianRatioRule,,1.2,1,0.2853932584269663,0.7341040462427746,0.4110032362459546,445
main,medianRatioRule,,1.2,2,0.3741721854304636,0.653179190751445,0.4757894736842105,302
main,medianRatioRule,,1.2,4,0.4972677595628415,0.5260115606936416,0.5112359550561797,183
main,medianRatioRule,,1.2,8,0.6702127659574468,0.3641618497109826,0.4719101123595505,94
main,medianRatioRule,,1.2,16,0.5833333333333334,0.161849710982659,0.253393665158371,48
main,medianRatioRule,,1.5,0.1,0.3106060606060606,0.7109826589595376,0.4323374340949033,396
main,medianRatioRule,,1.5,0.25,0.3106060606060606,0.7109826589595376,0.4323374340949033,396
main,medianRatioRule,,1.5,0.5,0.3106060606060606,0.7109826589595376,0.4323374340949033,396
main,medianRatioRule,,1.5,1,0.3061224489795918,0.6936416184971098,0.4247787610619469,392
main,medianRatioRule,,1.5,2,0.3822525597269625,0.6473988439306358,0.48068669527897,293
main,medianRatioRule,,1.5,4,0.5,0.5260115606936416,0.5126760563380282,182
main,medianRatioRule,,1.5,8,0.6774193548387096,0.3641618497109826,0.4736842105263158,93
main,medianRatioRule,,1.5,16,0.5833333333333334,0.161849710982659,0.253393665158371,48
main,medianRatioRule,,2,0.1,0.3426791277258567,0.6358381502890174,0.4453441295546558,321
main,medianRatioRule,,2,0.25,0.3426791277258567,0.6358381502890174,0.4453441295546558,321
main,medianRatioRule,,2,0.5,0.3426791277258567,0.6358381502890174,0.4453441295546558,321
main,medianRatioRule,,2,1,0.3426791277258567,0.6358381502890174,0.4453441295546558,321
main,medianRatioRule,,2,2,0.4015444015444015,0.6011560693641619,0.4814814814814815,259
main,medianRatioRule,,2,4,0.4913294797687861,0.4913294797687861,0.4913294797687861,173
main,medianRatioRule,,2,8,0.7,0.3641618497109826,0.4790874524714828,90
main,medianRatioRule,,2,16,0.5957446808510638,0.161849710982659,0.2545454545454545,47
main,medianRatioRule,,2.5,0.1,0.4619289340101523,0.5260115606936416,0.4918918918918919,197
main,medianRatioRule,,2.5,0.25,0.4619289340101523,0.5260115606936416,0.4918918918918919,197
main,medianRatioRule,,2.5,0.5,0.4619289340101523,0.5260115606936416,0.4918918918918919,197
main,medianRatioRule,,2.5,1,0.4619289340101523,0.5260115606936416,0.4918918918918919,197
main,medianRatioRule,,2.5,2,0.4564102564102564,0.5144508670520231,0.4836956521739131,195
main,medianRatioRule,,2.5,4,0.5597014925373134,0.4335260115606936,0.4885993485342019,134
main,medianRatioRule,,2.5,8,0.7093023255813954,0.3526011560693642,0.471042471042471,86
main,medianRatioRule,,2.5,16,0.6086956521739131,0.161849710982659,0.2557077625570776,46
main,medianRatioRule,,3,0.1,0.4556213017751479,0.4450867052023121,0.4502923976608187,169
main,medianRatioRule,,3,0.25,0.4556213017751479,0.4450867052023121,0.4502923976608187,169
main,medianRatioRule,,3,0.5,0.4556213017751479,0.4450867052023121,0.4502923976608187,169
main,medianRatioRule,,3,1,0.4556213017751479,0.4450867052023121,0.4502923976608187,169
main,medianRatioRule,,3,2,0.4556213017751479,0.4450867052023121,0.4502923976608187,169
main,medianRatioRule,,3,4,0.5555555555555556,0.3757225433526011,0.4482758620689655,117
main,medianRatioRule,,3,8,0.7105263157894737,0.3121387283236994,0.4337349397590362,76
main,medianRatioRule,,3,16,0.6363636363636364,0.161849710982659,0.2580645161290323,44
main,medianRatioRule,,4,0.1,0.485981308411215,0.3005780346820809,0.3714285714285714,107
main,medianRatioRule,,4,0.25,0.485981308411215,0.3005780346820809,0.3714285714285714,107
main,medianRatioRule,,4,0.5,0.485981308411215,0.3005780346820809,0.3714285714285714,107
main,medianRatioRule,,4,1,0.485981308411215,0.3005780346820809,0.3714285714285714,107
main,medianRatioRule,,4,2,0.485981308411215,0.3005780346820809,0.3714285714285714,107
main,medianRatioRule,,4,4,0.550561797752809,0.2832369942196532,0.3740458015267176,89
main,medianRatioRule,,4,8,0.6949152542372882,0.2369942196531792,0.353448275862069,59
main,medianRatioRule,,4,16,0.6666666666666666,0.161849710982659,0.2604651162790698,42
main,medianRatioRule,,5,0.1,0.5138888888888888,0.2138728323699422,0.3020408163265306,72
main,medianRatioRule,,5,0.25,0.5138888888888888,0.2138728323699422,0.3020408163265306,72
main,medianRatioRule,,5,0.5,0.5138888888888888,0.2138728323699422,0.3020408163265306,72
main,medianRatioRule,,5,1,0.5138888888888888,0.2138728323699422,0.3020408163265306,72
main,medianRatioRule,,5,2,0.5138888888888888,0.2138728323699422,0.3020408163265306,72
main,medianRatioRule,,5,4,0.5138888888888888,0.2138728323699422,0.3020408163265306,72
main,medianRatioRule,,5,8,0.625,0.1734104046242775,0.2714932126696832,48
main,medianRatioRule,,5,16,0.6111111111111112,0.1271676300578035,0.2105263157894737,36
main,dollarRule,,1,0.1,0.1903614457831325,0.9132947976878613,0.3150548354935194,830
main,dollarRule,,1,0.25,0.1903584672435105,0.8901734104046243,0.3136456211812627,809
main,dollarRule,,1,0.5,0.1884422110552764,0.8670520231213873,0.3095975232198142,796
main,dollarRule,,1,1,0.1937669376693767,0.8265895953757225,0.3139407244785949,738
main,dollarRule,,1,1.5,0.2481884057971014,0.791907514450867,0.3779310344827586,552
main,dollarRule,,1,2,0.2394106813996317,0.7514450867052023,0.3631284916201117,543
main,dollarRule,,1,3,0.3032786885245902,0.6416184971098265,0.411873840445269,366
main,dollarRule,,1,4,0.3740458015267176,0.5664739884393064,0.4505747126436782,262
main,dollarRule,,1,5,0.4278846153846154,0.5144508670520231,0.4671916010498687,208
main,dollarRule,,1,6,0.5120481927710844,0.4913294797687861,0.5014749262536874,166
main,dollarRule,,1,8,0.5615384615384615,0.4219653179190752,0.4818481848184819,130
main,dollarRule,,1,10,0.5769230769230769,0.3468208092485549,0.4332129963898917,104
main,dollarRule,,1,12,0.5730337078651685,0.2947976878612717,0.3893129770992367,89
main,dollarRule,,1,16,0.5384615384615384,0.2023121387283237,0.2941176470588235,65
main,dollarRule,,1,24,0.2777777777777778,0.05780346820809248,0.09569377990430623,36
main,dollarRule,,1,32,0.2631578947368421,0.02890173410404624,0.05208333333333334,19
swapped,ifAndRule,95,1.2,0.1,0.1510538641686183,0.9416058394160584,0.260343087790111,854
swapped,ifAndRule,95,1.2,0.25,0.1500586166471278,0.9343065693430657,0.2585858585858586,853
swapped,ifAndRule,95,1.2,0.5,0.1470588235294118,0.9124087591240876,0.2532928064842959,850
swapped,ifAndRule,95,1.2,1,0.1469879518072289,0.8905109489051095,0.2523267838676319,830
swapped,ifAndRule,95,1.2,2,0.1678520625889047,0.8613138686131386,0.280952380952381,703
swapped,ifAndRule,95,1.2,4,0.1954022988505747,0.6204379562043796,0.2972027972027972,435
swapped,ifAndRule,95,1.2,8,0.2936170212765957,0.5036496350364964,0.3709677419354839,235
swapped,ifAndRule,95,1.2,16,0.3012048192771085,0.364963503649635,0.3300330033003301,166
swapped,ifAndRule,95,1.5,0.1,0.1534653465346535,0.9051094890510949,0.2624338624338625,808
swapped,ifAndRule,95,1.5,0.25,0.1534653465346535,0.9051094890510949,0.2624338624338625,808
swapped,ifAndRule,95,1.5,0.5,0.1534653465346535,0.9051094890510949,0.2624338624338625,808
swapped,ifAndRule,95,1.5,1,0.1503105590062112,0.8832116788321168,0.2569002123142251,805
swapped,ifAndRule,95,1.5,2,0.1695402298850575,0.8613138686131386,0.2833133253301321,696
swapped,ifAndRule,95,1.5,4,0.1963048498845266,0.6204379562043796,0.2982456140350878,433
swapped,ifAndRule,95,1.5,8,0.2948717948717949,0.5036496350364964,0.371967654986523,234
swapped,ifAndRule,95,1.5,16,0.3012048192771085,0.364963503649635,0.3300330033003301,166
swapped,ifAndRule,95,2,0.1,0.1534526854219949,0.8759124087591241,0.2611534276387378,782
swapped,ifAndRule,95,2,0.25,0.1534526854219949,0.8759124087591241,0.2611534276387378,782
swapped,ifAndRule,95,2,0.5,0.1534526854219949,0.8759124087591241,0.2611534276387378,782
swapped,ifAndRule,95,2,1,0.1534526854219949,0.8759124087591241,0.2611534276387378,782
swapped,ifAndRule,95,2,2,0.1725663716814159,0.8540145985401459,0.2871165644171779,678
swapped,ifAndRule,95,2,4,0.1971830985915493,0.6131386861313869,0.2984014209591475,426
swapped,ifAndRule,95,2,8,0.2987012987012987,0.5036496350364964,0.375,231
swapped,ifAndRule,95,2,16,0.3048780487804878,0.364963503649635,0.3322259136212624,164
swapped,ifAndRule,95,2.5,0.1,0.1835443037974684,0.8467153284671532,0.3016905071521456,632
swapped,ifAndRule,95,2.5,0.25,0.1835443037974684,0.8467153284671532,0.3016905071521456,632
swapped,ifAndRule,95,2.5,0.5,0.1835443037974684,0.8467153284671532,0.3016905071521456,632
swapped,ifAndRule,95,2.5,1,0.1835443037974684,0.8467153284671532,0.3016905071521456,632
swapped,ifAndRule,95,2.5,2,0.1822503961965135,0.8394160583941606,0.2994791666666667,631
swapped,ifAndRule,95,2.5,4,0.2133676092544987,0.6058394160583942,0.3155893536121673,389
swapped,ifAndRule,95,2.5,8,0.3053097345132743,0.5036496350364964,0.3801652892561983,226
swapped,ifAndRule,95,2.5,16,0.3105590062111801,0.364963503649635,0.3355704697986577,161
swapped,ifAndRule,95,3,0.1,0.1931623931623932,0.8248175182481752,0.3130193905817175,585
swapped,ifAndRule,95,3,0.25,0.1931623931623932,0.8248175182481752,0.3130193905817175,585
swapped,ifAndRule,95,3,0.5,0.1931623931623932,0.8248175182481752,0.3130193905817175,585
swapped,ifAndRule,95,3,1,0.1931623931623932,0.8248175182481752,0.3130193905817175,585
swapped,ifAndRule,95,3,2,0.1931623931623932,0.8248175182481752,0.3130193905817175,585
swapped,ifAndRule,95,3,4,0.2219178082191781,0.5912408759124088,0.3227091633466136,365
swapped,ifAndRule,95,3,8,0.3076923076923077,0.4963503649635037,0.3798882681564246,221
swapped,ifAndRule,95,3,16,0.3144654088050314,0.364963503649635,0.3378378378378379,159
swapped,ifAndRule,95,4,0.1,0.2038369304556355,0.6204379562043796,0.3068592057761733,417
swapped,ifAndRule,95,4,0.25,0.2038369304556355,0.6204379562043796,0.3068592057761733,417
swapped,ifAndRule,95,4,0.5,0.2038369304556355,0.6204379562043796,0.3068592057761733,417
swapped,ifAndRule,95,4,1,0.2038369304556355,0.6204379562043796,0.3068592057761733,417
swapped,ifAndRule,95,4,2,0.2038369304556355,0.6204379562043796,0.3068592057761733,417
swapped,ifAndRule,95,4,4,0.2160493827160494,0.5109489051094891,0.3036876355748373,324
swapped,ifAndRule,95,4,8,0.2878787878787879,0.4160583941605839,0.3402985074626866,198
swapped,ifAndRule,95,4,16,0.3061224489795918,0.3284671532846715,0.3169014084507042,147
swapped,ifAndRule,95,5,0.1,0.2073578595317726,0.4525547445255474,0.2844036697247707,299
swapped,ifAndRule,95,5,0.25,0.2073578595317726,0.4525547445255474,0.2844036697247707,299
swapped,ifAndRule,95,5,0.5,0.2073578595317726,0.4525547445255474,0.2844036697247707,299
swapped,ifAndRule,95,5,1,0.2073578595317726,0.4525547445255474,0.2844036697247707,299
swapped,ifAndRule,95,5,2,0.2073578595317726,0.4525547445255474,0.2844036697247707,299
swapped,ifAndRule,95,5,4,0.2073578595317726,0.4525547445255474,0.2844036697247707,299
swapped,ifAndRule,95,5,8,0.2784090909090909,0.3576642335766423,0.3130990415335463,176
swapped,ifAndRule,95,5,16,0.2923076923076923,0.2773722627737226,0.2846441947565543,130
swapped,ifAndRule,97,1.2,0.1,0.154911838790932,0.8978102189781022,0.2642320085929108,794
swapped,ifAndRule,97,1.2,0.25,0.154911838790932,0.8978102189781022,0.2642320085929108,794
swapped,ifAndRule,97,1.2,0.5,0.1538461538461539,0.8905109489051095,0.2623655913978495,793
swapped,ifAndRule,97,1.2,1,0.1572164948453608,0.8905109489051095,0.267250821467689,776
swapped,ifAndRule,97,1.2,2,0.1742983751846381,0.8613138686131386,0.2899262899262899,677
swapped,ifAndRule,97,1.2,4,0.1954022988505747,0.6204379562043796,0.2972027972027972,435
swapped,ifAndRule,97,1.2,8,0.2936170212765957,0.5036496350364964,0.3709677419354839,235
swapped,ifAndRule,97,1.2,16,0.3012048192771085,0.364963503649635,0.3300330033003301,166
swapped,ifAndRule,97,1.5,0.1,0.1611185086551265,0.8832116788321168,0.2725225225225226,751
swapped,ifAndRule,97,1.5,0.25,0.1611185086551265,0.8832116788321168,0.2725225225225226,751
swapped,ifAndRule,97,1.5,0.5,0.1611185086551265,0.8832116788321168,0.2725225225225226,751
swapped,ifAndRule,97,1.5,1,0.1611185086551265,0.8832116788321168,0.2725225225225226,751
swapped,ifAndRule,97,1.5,2,0.1761194029850746,0.8613138686131386,0.2924411400247831,670
swapped,ifAndRule,97,1.5,4,0.1963048498845266,0.6204379562043796,0.2982456140350878,433
swapped,ifAndRule,97,1.5,8,0.2948717948717949,0.5036496350364964,0.371967654986523,234
swapped,ifAndRule,97,1.5,16,0.3012048192771085,0.364963503649635,0.3300330033003301,166
swapped,ifAndRule,97,2,0.1,0.1648351648351648,0.8759124087591241,0.2774566473988439,728
swapped,ifAndRule,97,2,0.25,0.1648351648351648,0.8759124087591241,0.2774566473988439,728
swapped,ifAndRule,97,2,0.5,0.1648351648351648,0.8759124087591241,0.2774566473988439,728
swapped,ifAndRule,97,2,1,0.1648351648351648,0.8759124087591241,0.2774566473988439,728
swapped,ifAndRule,97,2,2,0.1794478527607362,0.8540145985401459,0.2965779467680608,652
swapped,ifAndRule,97,2,4,0.1971830985915493,0.6131386861313869,0.2984014209591475,426
swapped,ifAndRule,97,2,8,0.2987012987012987,0.5036496350364964,0.375,231
swapped,ifAndRule,97,2,16,0.3048780487804878,0.364963503649635,0.3322259136212624,164
swapped,ifAndRule,97,2.5,0.1,0.1914191419141914,0.8467153284671532,0.3122476446837147,606
swapped,ifAndRule,97,2.5,0.25,0.1914191419141914,0.8467153284671532,0.3122476446837147,606
swapped,ifAndRule,97,2.5,0.5,0.1914191419141914,0.8467153284671532,0.3122476446837147,606
swapped,ifAndRule,97,2.5,1,0.1914191419141914,0.8467153284671532,0.3122476446837147,606
swapped,ifAndRule,97,2.5,2,0.1900826446280992,0.8394160583941606,0.3099730458221024,605
swapped,ifAndRule,97,2.5,4,0.2133676092544987,0.6058394160583942,0.3155893536121673,389
swapped,ifAndRule,97,2.5,8,0.3053097345132743,0.5036496350364964,0.3801652892561983,226
swapped,ifAndRule,97,2.5,16,0.3105590062111801,0.364963503649635,0.3355704697986577,161
swapped,ifAndRule,97,3,0.1,0.2021466905187835,0.8248175182481752,0.3247126436781609,559
swapped,ifAndRule,97,3,0.25,0.2021466905187835,0.8248175182481752,0.3247126436781609,559
swapped,ifAndRule,97,3,0.5,0.2021466905187835,0.8248175182481752,0.3247126436781609,559
swapped,ifAndRule,97,3,1,0.2021466905187835,0.8248175182481752,0.3247126436781609,559
swapped,ifAndRule,97,3,2,0.2021466905187835,0.8248175182481752,0.3247126436781609,559
swapped,ifAndRule,97,3,4,0.2219178082191781,0.5912408759124088,0.3227091633466136,365
swapped,ifAndRule,97,3,8,0.3076923076923077,0.4963503649635037,0.3798882681564246,221
swapped,ifAndRule,97,3,16,0.3144654088050314,0.364963503649635,0.3378378378378379,159
swapped,ifAndRule,97,4,0.1,0.2038369304556355,0.6204379562043796,0.3068592057761733,417
swapped,ifAndRule,97,4,0.25,0.2038369304556355,0.6204379562043796,0.3068592057761733,417
swapped,ifAndRule,97,4,0.5,0.2038369304556355,0.6204379562043796,0.3068592057761733,417
swapped,ifAndRule,97,4,1,0.2038369304556355,0.6204379562043796,0.3068592057761733,417
swapped,ifAndRule,97,4,2,0.2038369304556355,0.6204379562043796,0.3068592057761733,417
swapped,ifAndRule,97,4,4,0.2160493827160494,0.5109489051094891,0.3036876355748373,324
swapped,ifAndRule,97,4,8,0.2878787878787879,0.4160583941605839,0.3402985074626866,198
swapped,ifAndRule,97,4,16,0.3061224489795918,0.3284671532846715,0.3169014084507042,147
swapped,ifAndRule,97,5,0.1,0.2073578595317726,0.4525547445255474,0.2844036697247707,299
swapped,ifAndRule,97,5,0.25,0.2073578595317726,0.4525547445255474,0.2844036697247707,299
swapped,ifAndRule,97,5,0.5,0.2073578595317726,0.4525547445255474,0.2844036697247707,299
swapped,ifAndRule,97,5,1,0.2073578595317726,0.4525547445255474,0.2844036697247707,299
swapped,ifAndRule,97,5,2,0.2073578595317726,0.4525547445255474,0.2844036697247707,299
swapped,ifAndRule,97,5,4,0.2073578595317726,0.4525547445255474,0.2844036697247707,299
swapped,ifAndRule,97,5,8,0.2784090909090909,0.3576642335766423,0.3130990415335463,176
swapped,ifAndRule,97,5,16,0.2923076923076923,0.2773722627737226,0.2846441947565543,130
swapped,ifAndRule,98,1.2,0.1,0.1757575757575758,0.8467153284671532,0.2910915934755333,660
swapped,ifAndRule,98,1.2,0.25,0.1757575757575758,0.8467153284671532,0.2910915934755333,660
swapped,ifAndRule,98,1.2,0.5,0.1757575757575758,0.8467153284671532,0.2910915934755333,660
swapped,ifAndRule,98,1.2,1,0.1787365177195686,0.8467153284671532,0.2951653944020355,649
swapped,ifAndRule,98,1.2,2,0.1900826446280992,0.8394160583941606,0.3099730458221024,605
swapped,ifAndRule,98,1.2,4,0.1990632318501171,0.6204379562043796,0.301418439716312,427
swapped,ifAndRule,98,1.2,8,0.2936170212765957,0.5036496350364964,0.3709677419354839,235
swapped,ifAndRule,98,1.2,16,0.3012048192771085,0.364963503649635,0.3300330033003301,166
swapped,ifAndRule,98,1.5,0.1,0.184,0.8394160583941606,0.3018372703412074,625
swapped,ifAndRule,98,1.5,0.25,0.184,0.8394160583941606,0.3018372703412074,625
swapped,ifAndRule,98,1.5,0.5,0.184,0.8394160583941606,0.3018372703412074,625
swapped,ifAndRule,98,1.5,1,0.184,0.8394160583941606,0.3018372703412074,625
swapped,ifAndRule,98,1.5,2,0.1923076923076923,0.8394160583941606,0.3129251700680272,598
swapped,ifAndRule,98,1.5,4,0.2,0.6204379562043796,0.302491103202847,425
swapped,ifAndRule,98,1.5,8,0.2948717948717949,0.5036496350364964,0.371967654986523,234
swapped,ifAndRule,98,1.5,16,0.3012048192771085,0.364963503649635,0.3300330033003301,166
swapped,ifAndRule,98,2,0.1,0.1881188118811881,0.8321167883211679,0.306864064602961,606
swapped,ifAndRule,98,2,0.25,0.1881188118811881,0.8321167883211679,0.306864064602961,606
swapped,ifAndRule,98,2,0.5,0.1881188118811881,0.8321167883211679,0.306864064602961,606
swapped,ifAndRule,98,2,1,0.1881188118811881,0.8321167883211679,0.306864064602961,606
swapped,ifAndRule,98,2,2,0.1955403087478559,0.8321167883211679,0.3166666666666667,583
swapped,ifAndRule,98,2,4,0.2009569377990431,0.6131386861313869,0.3027027027027027,418
swapped,ifAndRule,98,2,8,0.2987012987012987,0.5036496350364964,0.375,231
swapped,ifAndRule,98,2,16,0.3048780487804878,0.364963503649635,0.3322259136212624,164
swapped,ifAndRule,98,2.5,0.1,0.2077922077922078,0.8175182481751825,0.3313609467455622,539
swapped,ifAndRule,98,2.5,0.25,0.2077922077922078,0.8175182481751825,0.3313609467455622,539
swapped,ifAndRule,98,2.5,0.5,0.2077922077922078,0.8175182481751825,0.3313609467455622,539
swapped,ifAndRule,98,2.5,1,0.2077922077922078,0.8175182481751825,0.3313609467455622,539
swapped,ifAndRule,98,2.5,2,0.2077922077922078,0.8175182481751825,0.3313609467455622,539
swapped,ifAndRule,98,2.5,4,0.2178477690288714,0.6058394160583942,0.3204633204633205,381
swapped,ifAndRule,98,2.5,8,0.3053097345132743,0.5036496350364964,0.3801652892561983,226
swapped,ifAndRule,98,2.5,16,0.3105590062111801,0.364963503649635,0.3355704697986577,161
swapped,ifAndRule,98,3,0.1,0.2213279678068411,0.8029197080291971,0.3470031545741325,497
swapped,ifAndRule,98,3,0.25,0.2213279678068411,0.8029197080291971,0.3470031545741325,497
swapped,ifAndRule,98,3,0.5,0.2213279678068411,0.8029197080291971,0.3470031545741325,497
swapped,ifAndRule,98,3,1,0.2213279678068411,0.8029197080291971,0.3470031545741325,497
swapped,ifAndRule,98,3,2,0.2213279678068411,0.8029197080291971,0.3470031545741325,497
swapped,ifAndRule,98,3,4,0.226890756302521,0.5912408759124088,0.3279352226720648,357
swapped,ifAndRule,98,3,8,0.3076923076923077,0.4963503649635037,0.3798882681564246,221
swapped,ifAndRule,98,3,16,0.3144654088050314,0.364963503649635,0.3378378378378379,159
swapped,ifAndRule,98,4,0.1,0.2130325814536341,0.6204379562043796,0.3171641791044776,399
swapped,ifAndRule,98,4,0.25,0.2130325814536341,0.6204379562043796,0.3171641791044776,399
swapped,ifAndRule,98,4,0.5,0.2130325814536341,0.6204379562043796,0.3171641791044776,399
swapped,ifAndRule,98,4,1,0.2130325814536341,0.6204379562043796,0.3171641791044776,399
swapped,ifAndRule,98,4,2,0.2130325814536341,0.6204379562043796,0.3171641791044776,399
swapped,ifAndRule,98,4,4,0.2215189873417721,0.5109489051094891,0.3090507726269315,316
swapped,ifAndRule,98,4,8,0.2878787878787879,0.4160583941605839,0.3402985074626866,198
swapped,ifAndRule,98,4,16,0.3061224489795918,0.3284671532846715,0.3169014084507042,147
swapped,ifAndRule,98,5,0.1,0.2130584192439862,0.4525547445255474,0.2897196261682243,291
swapped,ifAndRule,98,5,0.25,0.2130584192439862,0.4525547445255474,0.2897196261682243,291
swapped,ifAndRule,98,5,0.5,0.2130584192439862,0.4525547445255474,0.2897196261682243,291
swapped,ifAndRule,98,5,1,0.2130584192439862,0.4525547445255474,0.2897196261682243,291
swapped,ifAndRule,98,5,2,0.2130584192439862,0.4525547445255474,0.2897196261682243,291
swapped,ifAndRule,98,5,4,0.2130584192439862,0.4525547445255474,0.2897196261682243,291
swapped,ifAndRule,98,5,8,0.2784090909090909,0.3576642335766423,0.3130990415335463,176
swapped,ifAndRule,98,5,16,0.2923076923076923,0.2773722627737226,0.2846441947565543,130
swapped,ifAndRule,99,1.2,0.1,0.2123287671232877,0.6788321167883211,0.3234782608695652,438
swapped,ifAndRule,99,1.2,0.25,0.2123287671232877,0.6788321167883211,0.3234782608695652,438
swapped,ifAndRule,99,1.2,0.5,0.2123287671232877,0.6788321167883211,0.3234782608695652,438
swapped,ifAndRule,99,1.2,1,0.2142857142857143,0.6788321167883211,0.3257443082311733,434
swapped,ifAndRule,99,1.2,2,0.2174940898345154,0.6715328467153284,0.3285714285714286,423
swapped,ifAndRule,99,1.2,4,0.2246575342465753,0.5985401459854015,0.3266932270916335,365
swapped,ifAndRule,99,1.2,8,0.2936170212765957,0.5036496350364964,0.3709677419354839,235
swapped,ifAndRule,99,1.2,16,0.3012048192771085,0.364963503649635,0.3300330033003301,166
swapped,ifAndRule,99,1.5,0.1,0.2185273159144893,0.6715328467153284,0.3297491039426524,421
swapped,ifAndRule,99,1.5,0.25,0.2185273159144893,0.6715328467153284,0.3297491039426524,421
swapped,ifAndRule,99,1.5,0.5,0.2185273159144893,0.6715328467153284,0.3297491039426524,421
swapped,ifAndRule,99,1.5,1,0.2185273159144893,0.6715328467153284,0.3297491039426524,421
swapped,ifAndRule,99,1.5,2,0.2211538461538461,0.6715328467153284,0.3327305605786618,416
swapped,ifAndRule,99,1.5,4,0.2258953168044077,0.5985401459854015,0.328,363
swapped,ifAndRule,99,1.5,8,0.2948717948717949,0.5036496350364964,0.371967654986523,234
swapped,ifAndRule,99,1.5,16,0.3012048192771085,0.364963503649635,0.3300330033003301,166
swapped,ifAndRule,99,2,0.1,0.2235872235872236,0.6642335766423357,0.3345588235294117,407
swapped,ifAndRule,99,2,0.25,0.2235872235872236,0.6642335766423357,0.3345588235294117,407
swapped,ifAndRule,99,2,0.5,0.2235872235872236,0.6642335766423357,0.3345588235294117,407
swapped,ifAndRule,99,2,1,0.2235872235872236,0.6642335766423357,0.3345588235294117,407
swapped,ifAndRule,99,2,2,0.2258064516129032,0.6642335766423357,0.337037037037037,403
swapped,ifAndRule,99,2,4,0.2275280898876405,0.5912408759124088,0.3286004056795132,356
swapped,ifAndRule,99,2,8,0.2987012987012987,0.5036496350364964,0.375,231
swapped,ifAndRule,99,2,16,0.3048780487804878,0.364963503649635,0.3322259136212624,164
swapped,ifAndRule,99,2.5,0.1,0.2465753424657534,0.656934306569343,0.3585657370517928,365
swapped,ifAndRule,99,2.5,0.25,0.2465753424657534,0.656934306569343,0.3585657370517928,365
swapped,ifAndRule,99,2.5,0.5,0.2465753424657534,0.656934306569343,0.3585657370517928,365
swapped,ifAndRule,99,2.5,1,0.2465753424657534,0.656934306569343,0.3585657370517928,365
swapped,ifAndRule,99,2.5,2,0.2465753424657534,0.656934306569343,0.3585657370517928,365
swapped,ifAndRule,99,2.5,4,0.25,0.583941605839416,0.350109409190372,320
swapped,ifAndRule,99,2.5,8,0.3053097345132743,0.5036496350364964,0.3801652892561983,226
swapped,ifAndRule,99,2.5,16,0.3105590062111801,0.364963503649635,0.3355704697986577,161
swapped,ifAndRule,99,3,0.1,0.2588235294117647,0.6423357664233577,0.3689727463312369,340
swapped,ifAndRule,99,3,0.25,0.2588235294117647,0.6423357664233577,0.3689727463312369,340
swapped,ifAndRule,99,3,0.5,0.2588235294117647,0.6423357664233577,0.3689727463312369,340
swapped,ifAndRule,99,3,1,0.2588235294117647,0.6423357664233577,0.3689727463312369,340
swapped,ifAndRule,99,3,2,0.2588235294117647,0.6423357664233577,0.3689727463312369,340
swapped,ifAndRule,99,3,4,0.2608695652173913,0.5693430656934306,0.3577981651376146,299
swapped,ifAndRule,99,3,8,0.3076923076923077,0.4963503649635037,0.3798882681564246,221
swapped,ifAndRule,99,3,16,0.3144654088050314,0.364963503649635,0.3378378378378379,159
swapped,ifAndRule,99,4,0.1,0.2525252525252525,0.5474452554744526,0.3456221198156683,297
swapped,ifAndRule,99,4,0.25,0.2525252525252525,0.5474452554744526,0.3456221198156683,297
swapped,ifAndRule,99,4,0.5,0.2525252525252525,0.5474452554744526,0.3456221198156683,297
swapped,ifAndRule,99,4,1,0.2525252525252525,0.5474452554744526,0.3456221198156683,297
swapped,ifAndRule,99,4,2,0.2525252525252525,0.5474452554744526,0.3456221198156683,297
swapped,ifAndRule,99,4,4,0.2518796992481203,0.489051094890511,0.3325062034739454,266
swapped,ifAndRule,99,4,8,0.2878787878787879,0.4160583941605839,0.3402985074626866,198
swapped,ifAndRule,99,4,16,0.3061224489795918,0.3284671532846715,0.3169014084507042,147
swapped,ifAndRule,99,5,0.1,0.2448132780082987,0.4306569343065693,0.3121693121693122,241
swapped,ifAndRule,99,5,0.25,0.2448132780082987,0.4306569343065693,0.3121693121693122,241
swapped,ifAndRule,99,5,0.5,0.2448132780082987,0.4306569343065693,0.3121693121693122,241
swapped,ifAndRule,99,5,1,0.2448132780082987,0.4306569343065693,0.3121693121693122,241
swapped,ifAndRule,99,5,2,0.2448132780082987,0.4306569343065693,0.3121693121693122,241
swapped,ifAndRule,99,5,4,0.2448132780082987,0.4306569343065693,0.3121693121693122,241
swapped,ifAndRule,99,5,8,0.2784090909090909,0.3576642335766423,0.3130990415335463,176
swapped,ifAndRule,99,5,16,0.2923076923076923,0.2773722627737226,0.2846441947565543,130
swapped,ifAndRule,99.5,1.2,0.1,0.2950819672131147,0.5255474452554745,0.3779527559055119,244
swapped,ifAndRule,99.5,1.2,0.25,0.2950819672131147,0.5255474452554745,0.3779527559055119,244
swapped,ifAndRule,99.5,1.2,0.5,0.2950819672131147,0.5255474452554745,0.3779527559055119,244
swapped,ifAndRule,99.5,1.2,1,0.2950819672131147,0.5255474452554745,0.3779527559055119,244
swapped,ifAndRule,99.5,1.2,2,0.2975206611570248,0.5255474452554745,0.3799472295514512,242
swapped,ifAndRule,99.5,1.2,4,0.3021276595744681,0.5182481751824818,0.3817204301075269,235
swapped,ifAndRule,99.5,1.2,8,0.319047619047619,0.489051094890511,0.3861671469740634,210
swapped,ifAndRule,99.5,1.2,16,0.3012048192771085,0.364963503649635,0.3300330033003301,166
swapped,ifAndRule,99.5,1.5,0.1,0.3025210084033613,0.5255474452554745,0.384,238
swapped,ifAndRule,99.5,1.5,0.25,0.3025210084033613,0.5255474452554745,0.384,238
swapped,ifAndRule,99.5,1.5,0.5,0.3025210084033613,0.5255474452554745,0.384,238
swapped,ifAndRule,99.5,1.5,1,0.3025210084033613,0.5255474452554745,0.384,238
swapped,ifAndRule,99.5,1.5,2,0.3037974683544304,0.5255474452554745,0.3850267379679145,237
swapped,ifAndRule,99.5,1.5,4,0.3047210300429185,0.5182481751824818,0.3837837837837838,233
swapped,ifAndRule,99.5,1.5,8,0.3205741626794258,0.489051094890511,0.3872832369942197,209
swapped,ifAndRule,99.5,1.5,16,0.3012048192771085,0.364963503649635,0.3300330033003301,166
swapped,ifAndRule,99.5,2,0.1,0.3073593073593073,0.5182481751824818,0.3858695652173912,231
swapped,ifAndRule,99.5,2,0.25,0.3073593073593073,0.5182481751824818,0.3858695652173912,231
swapped,ifAndRule,99.5,2,0.5,0.3073593073593073,0.5182481751824818,0.3858695652173912,231
swapped,ifAndRule,99.5,2,1,0.3073593073593073,0.5182481751824818,0.3858695652173912,231
swapped,ifAndRule,99.5,2,2,0.3073593073593073,0.5182481751824818,0.3858695652173912,231
swapped,ifAndRule,99.5,2,4,0.3083700440528634,0.5109489051094891,0.3846153846153846,227
swapped,ifAndRule,99.5,2,8,0.325242718446602,0.489051094890511,0.3906705539358601,206
swapped,ifAndRule,99.5,2,16,0.3048780487804878,0.364963503649635,0.3322259136212624,164
swapped,ifAndRule,99.5,2.5,0.1,0.3256880733944954,0.5182481751824818,0.4,218
swapped,ifAndRule,99.5,2.5,0.25,0.3256880733944954,0.5182481751824818,0.4,218
swapped,ifAndRule,99.5,2.5,0.5,0.3256880733944954,0.5182481751824818,0.4,218
swapped,ifAndRule,99.5,2.5,1,0.3256880733944954,0.5182481751824818,0.4,218
swapped,ifAndRule,99.5,2.5,2,0.3256880733944954,0.5182481751824818,0.4,218
swapped,ifAndRule,99.5,2.5,4,0.3271028037383177,0.5109489051094891,0.3988603988603989,214
swapped,ifAndRule,99.5,2.5,8,0.3333333333333333,0.489051094890511,0.3964497041420118,201
swapped,ifAndRule,99.5,2.5,16,0.3105590062111801,0.364963503649635,0.3355704697986577,161
swapped,ifAndRule,99.5,3,0.1,0.3365384615384616,0.5109489051094891,0.4057971014492754,208
swapped,ifAndRule,99.5,3,0.25,0.3365384615384616,0.5109489051094891,0.4057971014492754,208
swapped,ifAndRule,99.5,3,0.5,0.3365384615384616,0.5109489051094891,0.4057971014492754,208
swapped,ifAndRule,99.5,3,1,0.3365384615384616,0.5109489051094891,0.4057971014492754,208
swapped,ifAndRule,99.5,3,2,0.3365384615384616,0.5109489051094891,0.4057971014492754,208
swapped,ifAndRule,99.5,3,4,0.3365853658536586,0.5036496350364964,0.4035087719298246,205
swapped,ifAndRule,99.5,3,8,0.336734693877551,0.4817518248175183,0.3963963963963963,196
swapped,ifAndRule,99.5,3,16,0.3144654088050314,0.364963503649635,0.3378378378378379,159
swapped,ifAndRule,99.5,4,0.1,0.3224043715846995,0.4306569343065693,0.3687500000000001,183
swapped,ifAndRule,99.5,4,0.25,0.3224043715846995,0.4306569343065693,0.3687500000000001,183
swapped,ifAndRule,99.5,4,0.5,0.3224043715846995,0.4306569343065693,0.3687500000000001,183
swapped,ifAndRule,99.5,4,1,0.3224043715846995,0.4306569343065693,0.3687500000000001,183
swapped,ifAndRule,99.5,4,2,0.3224043715846995,0.4306569343065693,0.3687500000000001,183
swapped,ifAndRule,99.5,4,4,0.3222222222222222,0.4233576642335766,0.3659305993690852,180
swapped,ifAndRule,99.5,4,8,0.3160919540229885,0.4014598540145985,0.3536977491961415,174
swapped,ifAndRule,99.5,4,16,0.3061224489795918,0.3284671532846715,0.3169014084507042,147
swapped,ifAndRule,99.5,5,0.1,0.3144654088050314,0.364963503649635,0.3378378378378379,159
swapped,ifAndRule,99.5,5,0.25,0.3144654088050314,0.364963503649635,0.3378378378378379,159
swapped,ifAndRule,99.5,5,0.5,0.3144654088050314,0.364963503649635,0.3378378378378379,159
swapped,ifAndRule,99.5,5,1,0.3144654088050314,0.364963503649635,0.3378378378378379,159
swapped,ifAndRule,99.5,5,2,0.3144654088050314,0.364963503649635,0.3378378378378379,159
swapped,ifAndRule,99.5,5,4,0.3144654088050314,0.364963503649635,0.3378378378378379,159
swapped,ifAndRule,99.5,5,8,0.3071895424836601,0.343065693430657,0.3241379310344828,153
swapped,ifAndRule,99.5,5,16,0.2923076923076923,0.2773722627737226,0.2846441947565543,130
swapped,ifAndRule,99.8,1.2,0.1,0.1916666666666667,0.1678832116788321,0.178988326848249,120
swapped,ifAndRule,99.8,1.2,0.25,0.1916666666666667,0.1678832116788321,0.178988326848249,120
swapped,ifAndRule,99.8,1.2,0.5,0.1916666666666667,0.1678832116788321,0.178988326848249,120
swapped,ifAndRule,99.8,1.2,1,0.1916666666666667,0.1678832116788321,0.178988326848249,120
swapped,ifAndRule,99.8,1.2,2,0.1916666666666667,0.1678832116788321,0.178988326848249,120
swapped,ifAndRule,99.8,1.2,4,0.1949152542372881,0.1678832116788321,0.1803921568627451,118
swapped,ifAndRule,99.8,1.2,8,0.1982758620689655,0.1678832116788321,0.1818181818181818,116
swapped,ifAndRule,99.8,1.2,16,0.2,0.1605839416058394,0.1781376518218624,110
swapped,ifAndRule,99.8,1.5,0.1,0.1982758620689655,0.1678832116788321,0.1818181818181818,116
swapped,ifAndRule,99.8,1.5,0.25,0.1982758620689655,0.1678832116788321,0.1818181818181818,116
swapped,ifAndRule,99.8,1.5,0.5,0.1982758620689655,0.1678832116788321,0.1818181818181818,116
swapped,ifAndRule,99.8,1.5,1,0.1982758620689655,0.1678832116788321,0.1818181818181818,116
swapped,ifAndRule,99.8,1.5,2,0.1982758620689655,0.1678832116788321,0.1818181818181818,116
swapped,ifAndRule,99.8,1.5,4,0.1982758620689655,0.1678832116788321,0.1818181818181818,116
swapped,ifAndRule,99.8,1.5,8,0.2,0.1678832116788321,0.1825396825396826,115
swapped,ifAndRule,99.8,1.5,16,0.2,0.1605839416058394,0.1781376518218624,110
swapped,ifAndRule,99.8,2,0.1,0.2035398230088496,0.1678832116788321,0.184,113
swapped,ifAndRule,99.8,2,0.25,0.2035398230088496,0.1678832116788321,0.184,113
swapped,ifAndRule,99.8,2,0.5,0.2035398230088496,0.1678832116788321,0.184,113
swapped,ifAndRule,99.8,2,1,0.2035398230088496,0.1678832116788321,0.184,113
swapped,ifAndRule,99.8,2,2,0.2035398230088496,0.1678832116788321,0.184,113
swapped,ifAndRule,99.8,2,4,0.2035398230088496,0.1678832116788321,0.184,113
swapped,ifAndRule,99.8,2,8,0.2035398230088496,0.1678832116788321,0.184,113
swapped,ifAndRule,99.8,2,16,0.2037037037037037,0.1605839416058394,0.1795918367346939,108
swapped,ifAndRule,99.8,2.5,0.1,0.212962962962963,0.1678832116788321,0.1877551020408164,108
swapped,ifAndRule,99.8,2.5,0.25,0.212962962962963,0.1678832116788321,0.1877551020408164,108
swapped,ifAndRule,99.8,2.5,0.5,0.212962962962963,0.1678832116788321,0.1877551020408164,108
swapped,ifAndRule,99.8,2.5,1,0.212962962962963,0.1678832116788321,0.1877551020408164,108
swapped,ifAndRule,99.8,2.5,2,0.212962962962963,0.1678832116788321,0.1877551020408164,108
swapped,ifAndRule,99.8,2.5,4,0.212962962962963,0.1678832116788321,0.1877551020408164,108
swapped,ifAndRule,99.8,2.5,8,0.212962962962963,0.1678832116788321,0.1877551020408164,108
swapped,ifAndRule,99.8,2.5,16,0.2095238095238095,0.1605839416058394,0.1818181818181818,105
swapped,ifAndRule,99.8,3,0.1,0.2169811320754717,0.1678832116788321,0.1893004115226338,106
swapped,ifAndRule,99.8,3,0.25,0.2169811320754717,0.1678832116788321,0.1893004115226338,106
swapped,ifAndRule,99.8,3,0.5,0.2169811320754717,0.1678832116788321,0.1893004115226338,106
swapped,ifAndRule,99.8,3,1,0.2169811320754717,0.1678832116788321,0.1893004115226338,106
swapped,ifAndRule,99.8,3,2,0.2169811320754717,0.1678832116788321,0.1893004115226338,106
swapped,ifAndRule,99.8,3,4,0.2169811320754717,0.1678832116788321,0.1893004115226338,106
swapped,ifAndRule,99.8,3,8,0.2169811320754717,0.1678832116788321,0.1893004115226338,106
swapped,ifAndRule,99.8,3,16,0.2135922330097087,0.1605839416058394,0.1833333333333333,103
swapped,ifAndRule,99.8,4,0.1,0.1894736842105263,0.1313868613138686,0.1551724137931035,95
swapped,ifAndRule,99.8,4,0.25,0.1894736842105263,0.1313868613138686,0.1551724137931035,95
swapped,ifAndRule,99.8,4,0.5,0.1894736842105263,0.1313868613138686,0.1551724137931035,95
swapped,ifAndRule,99.8,4,1,0.1894736842105263,0.1313868613138686,0.1551724137931035,95
swapped,ifAndRule,99.8,4,2,0.1894736842105263,0.1313868613138686,0.1551724137931035,95
swapped,ifAndRule,99.8,4,4,0.1894736842105263,0.1313868613138686,0.1551724137931035,95
swapped,ifAndRule,99.8,4,8,0.1894736842105263,0.1313868613138686,0.1551724137931035,95
swapped,ifAndRule,99.8,4,16,0.1827956989247312,0.1240875912408759,0.1478260869565217,93
swapped,ifAndRule,99.8,5,0.1,0.1728395061728395,0.1021897810218978,0.1284403669724771,81
swapped,ifAndRule,99.8,5,0.25,0.1728395061728395,0.1021897810218978,0.1284403669724771,81
swapped,ifAndRule,99.8,5,0.5,0.1728395061728395,0.1021897810218978,0.1284403669724771,81
swapped,ifAndRule,99.8,5,1,0.1728395061728395,0.1021897810218978,0.1284403669724771,81
swapped,ifAndRule,99.8,5,2,0.1728395061728395,0.1021897810218978,0.1284403669724771,81
swapped,ifAndRule,99.8,5,4,0.1728395061728395,0.1021897810218978,0.1284403669724771,81
swapped,ifAndRule,99.8,5,8,0.1728395061728395,0.1021897810218978,0.1284403669724771,81
swapped,ifAndRule,99.8,5,16,0.1625,0.0948905109489051,0.119815668202765,80
swapped,ifAndRule,99.9,1.2,0.1,0.1868131868131868,0.1240875912408759,0.1491228070175439,91
swapped,ifAndRule,99.9,1.2,0.25,0.1868131868131868,0.1240875912408759,0.1491228070175439,91
swapped,ifAndRule,99.9,1.2,0.5,0.1868131868131868,0.1240875912408759,0.1491228070175439,91
swapped,ifAndRule,99.9,1.2,1,0.1868131868131868,0.1240875912408759,0.1491228070175439,91
swapped,ifAndRule,99.9,1.2,2,0.1868131868131868,0.1240875912408759,0.1491228070175439,91
swapped,ifAndRule,99.9,1.2,4,0.1868131868131868,0.1240875912408759,0.1491228070175439,91
swapped,ifAndRule,99.9,1.2,8,0.1910112359550562,0.1240875912408759,0.1504424778761062,89
swapped,ifAndRule,99.9,1.2,16,0.1976744186046512,0.1240875912408759,0.1524663677130045,86
swapped,ifAndRule,99.9,1.5,0.1,0.1888888888888889,0.1240875912408759,0.1497797356828194,90
swapped,ifAndRule,99.9,1.5,0.25,0.1888888888888889,0.1240875912408759,0.1497797356828194,90
swapped,ifAndRule,99.9,1.5,0.5,0.1888888888888889,0.1240875912408759,0.1497797356828194,90
swapped,ifAndRule,99.9,1.5,1,0.1888888888888889,0.1240875912408759,0.1497797356828194,90
swapped,ifAndRule,99.9,1.5,2,0.1888888888888889,0.1240875912408759,0.1497797356828194,90
swapped,ifAndRule,99.9,1.5,4,0.1888888888888889,0.1240875912408759,0.1497797356828194,90
swapped,ifAndRule,99.9,1.5,8,0.1910112359550562,0.1240875912408759,0.1504424778761062,89
swapped,ifAndRule,99.9,1.5,16,0.1976744186046512,0.1240875912408759,0.1524663677130045,86
swapped,ifAndRule,99.9,2,0.1,0.1954022988505747,0.1240875912408759,0.1517857142857143,87
swapped,ifAndRule,99.9,2,0.25,0.1954022988505747,0.1240875912408759,0.1517857142857143,87
swapped,ifAndRule,99.9,2,0.5,0.1954022988505747,0.1240875912408759,0.1517857142857143,87
swapped,ifAndRule,99.9,2,1,0.1954022988505747,0.1240875912408759,0.1517857142857143,87
swapped,ifAndRule,99.9,2,2,0.1954022988505747,0.1240875912408759,0.1517857142857143,87
swapped,ifAndRule,99.9,2,4,0.1954022988505747,0.1240875912408759,0.1517857142857143,87
swapped,ifAndRule,99.9,2,8,0.1954022988505747,0.1240875912408759,0.1517857142857143,87
swapped,ifAndRule,99.9,2,16,0.2023809523809524,0.1240875912408759,0.1538461538461539,84
swapped,ifAndRule,99.9,2.5,0.1,0.2073170731707317,0.1240875912408759,0.1552511415525114,82
swapped,ifAndRule,99.9,2.5,0.25,0.2073170731707317,0.1240875912408759,0.1552511415525114,82
swapped,ifAndRule,99.9,2.5,0.5,0.2073170731707317,0.1240875912408759,0.1552511415525114,82
swapped,ifAndRule,99.9,2.5,1,0.2073170731707317,0.1240875912408759,0.1552511415525114,82
swapped,ifAndRule,99.9,2.5,2,0.2073170731707317,0.1240875912408759,0.1552511415525114,82
swapped,ifAndRule,99.9,2.5,4,0.2073170731707317,0.1240875912408759,0.1552511415525114,82
swapped,ifAndRule,99.9,2.5,8,0.2073170731707317,0.1240875912408759,0.1552511415525114,82
swapped,ifAndRule,99.9,2.5,16,0.2098765432098765,0.1240875912408759,0.1559633027522936,81
swapped,ifAndRule,99.9,3,0.1,0.2125,0.1240875912408759,0.1566820276497696,80
swapped,ifAndRule,99.9,3,0.25,0.2125,0.1240875912408759,0.1566820276497696,80
swapped,ifAndRule,99.9,3,0.5,0.2125,0.1240875912408759,0.1566820276497696,80
swapped,ifAndRule,99.9,3,1,0.2125,0.1240875912408759,0.1566820276497696,80
swapped,ifAndRule,99.9,3,2,0.2125,0.1240875912408759,0.1566820276497696,80
swapped,ifAndRule,99.9,3,4,0.2125,0.1240875912408759,0.1566820276497696,80
swapped,ifAndRule,99.9,3,8,0.2125,0.1240875912408759,0.1566820276497696,80
swapped,ifAndRule,99.9,3,16,0.2151898734177215,0.1240875912408759,0.1574074074074074,79
swapped,ifAndRule,99.9,4,0.1,0.1690140845070423,0.08759124087591241,0.1153846153846154,71
swapped,ifAndRule,99.9,4,0.25,0.1690140845070423,0.08759124087591241,0.1153846153846154,71
swapped,ifAndRule,99.9,4,0.5,0.1690140845070423,0.08759124087591241,0.1153846153846154,71
swapped,ifAndRule,99.9,4,1,0.1690140845070423,0.08759124087591241,0.1153846153846154,71
swapped,ifAndRule,99.9,4,2,0.1690140845070423,0.08759124087591241,0.1153846153846154,71
swapped,ifAndRule,99.9,4,4,0.1690140845070423,0.08759124087591241,0.1153846153846154,71
swapped,ifAndRule,99.9,4,8,0.1690140845070423,0.08759124087591241,0.1153846153846154,71
swapped,ifAndRule,99.9,4,16,0.1714285714285714,0.08759124087591241,0.1159420289855072,70
swapped,ifAndRule,99.9,5,0.1,0.1428571428571428,0.06569343065693431,0.09000000000000001,63
swapped,ifAndRule,99.9,5,0.25,0.1428571428571428,0.06569343065693431,0.09000000000000001,63
swapped,ifAndRule,99.9,5,0.5,0.1428571428571428,0.06569343065693431,0.09000000000000001,63
swapped,ifAndRule,99.9,5,1,0.1428571428571428,0.06569343065693431,0.09000000000000001,63
swapped,ifAndRule,99.9,5,2,0.1428571428571428,0.06569343065693431,0.09000000000000001,63
swapped,ifAndRule,99.9,5,4,0.1428571428571428,0.06569343065693431,0.09000000000000001,63
swapped,ifAndRule,99.9,5,8,0.1428571428571428,0.06569343065693431,0.09000000000000001,63
swapped,ifAndRule,99.9,5,16,0.1428571428571428,0.06569343065693431,0.09000000000000001,63
swapped,ratioRule,,1.2,0.1,0.1544715447154472,0.9708029197080292,0.2665330661322645,861
swapped,ratioRule,,1.2,0.25,0.1507009345794393,0.9416058394160584,0.2598187311178248,856
swapped,ratioRule,,1.2,0.5,0.1467136150234742,0.9124087591240876,0.2527805864509606,852
swapped,ratioRule,,1.2,1,0.1466346153846154,0.8905109489051095,0.2518059855521156,832
swapped,ratioRule,,1.2,2,0.1678520625889047,0.8613138686131386,0.280952380952381,703
swapped,ratioRule,,1.2,4,0.1954022988505747,0.6204379562043796,0.2972027972027972,435
swapped,ratioRule,,1.2,8,0.2936170212765957,0.5036496350364964,0.3709677419354839,235
swapped,ratioRule,,1.2,16,0.3012048192771085,0.364963503649635,0.3300330033003301,166
swapped,ratioRule,,1.5,0.1,0.1528976572133169,0.9051094890510949,0.2616033755274262,811
swapped,ratioRule,,1.5,0.25,0.1530864197530864,0.9051094890510949,0.2618796198521648,810
swapped,ratioRule,,1.5,0.5,0.1530864197530864,0.9051094890510949,0.2618796198521648,810
swapped,ratioRule,,1.5,1,0.1499380421313507,0.8832116788321168,0.2563559322033898,807
swapped,ratioRule,,1.5,2,0.1695402298850575,0.8613138686131386,0.2833133253301321,696
swapped,ratioRule,,1.5,4,0.1963048498845266,0.6204379562043796,0.2982456140350878,433
swapped,ratioRule,,1.5,8,0.2948717948717949,0.5036496350364964,0.371967654986523,234
swapped,ratioRule,,1.5,16,0.3012048192771085,0.364963503649635,0.3300330033003301,166
swapped,ratioRule,,2,0.1,0.1530612244897959,0.8759124087591241,0.260586319218241,784
swapped,ratioRule,,2,0.25,0.1530612244897959,0.8759124087591241,0.260586319218241,784
swapped,ratioRule,,2,0.5,0.1530612244897959,0.8759124087591241,0.260586319218241,784
swapped,ratioRule,,2,1,0.1530612244897959,0.8759124087591241,0.260586319218241,784
swapped,ratioRule,,2,2,0.1725663716814159,0.8540145985401459,0.2871165644171779,678
swapped,ratioRule,,2,4,0.1971830985915493,0.6131386861313869,0.2984014209591475,426
swapped,ratioRule,,2,8,0.2987012987012987,0.5036496350364964,0.375,231
swapped,ratioRule,,2,16,0.3048780487804878,0.364963503649635,0.3322259136212624,164
swapped,ratioRule,,2.5,0.1,0.1835443037974684,0.8467153284671532,0.3016905071521456,632
swapped,ratioRule,,2.5,0.25,0.1835443037974684,0.8467153284671532,0.3016905071521456,632
swapped,ratioRule,,2.5,0.5,0.1835443037974684,0.8467153284671532,0.3016905071521456,632
swapped,ratioRule,,2.5,1,0.1835443037974684,0.8467153284671532,0.3016905071521456,632
swapped,ratioRule,,2.5,2,0.1822503961965135,0.8394160583941606,0.2994791666666667,631
swapped,ratioRule,,2.5,4,0.2133676092544987,0.6058394160583942,0.3155893536121673,389
swapped,ratioRule,,2.5,8,0.3053097345132743,0.5036496350364964,0.3801652892561983,226
swapped,ratioRule,,2.5,16,0.3105590062111801,0.364963503649635,0.3355704697986577,161
swapped,ratioRule,,3,0.1,0.1931623931623932,0.8248175182481752,0.3130193905817175,585
swapped,ratioRule,,3,0.25,0.1931623931623932,0.8248175182481752,0.3130193905817175,585
swapped,ratioRule,,3,0.5,0.1931623931623932,0.8248175182481752,0.3130193905817175,585
swapped,ratioRule,,3,1,0.1931623931623932,0.8248175182481752,0.3130193905817175,585
swapped,ratioRule,,3,2,0.1931623931623932,0.8248175182481752,0.3130193905817175,585
swapped,ratioRule,,3,4,0.2219178082191781,0.5912408759124088,0.3227091633466136,365
swapped,ratioRule,,3,8,0.3076923076923077,0.4963503649635037,0.3798882681564246,221
swapped,ratioRule,,3,16,0.3144654088050314,0.364963503649635,0.3378378378378379,159
swapped,ratioRule,,4,0.1,0.2038369304556355,0.6204379562043796,0.3068592057761733,417
swapped,ratioRule,,4,0.25,0.2038369304556355,0.6204379562043796,0.3068592057761733,417
swapped,ratioRule,,4,0.5,0.2038369304556355,0.6204379562043796,0.3068592057761733,417
swapped,ratioRule,,4,1,0.2038369304556355,0.6204379562043796,0.3068592057761733,417
swapped,ratioRule,,4,2,0.2038369304556355,0.6204379562043796,0.3068592057761733,417
swapped,ratioRule,,4,4,0.2160493827160494,0.5109489051094891,0.3036876355748373,324
swapped,ratioRule,,4,8,0.2878787878787879,0.4160583941605839,0.3402985074626866,198
swapped,ratioRule,,4,16,0.3061224489795918,0.3284671532846715,0.3169014084507042,147
swapped,ratioRule,,5,0.1,0.2073578595317726,0.4525547445255474,0.2844036697247707,299
swapped,ratioRule,,5,0.25,0.2073578595317726,0.4525547445255474,0.2844036697247707,299
swapped,ratioRule,,5,0.5,0.2073578595317726,0.4525547445255474,0.2844036697247707,299
swapped,ratioRule,,5,1,0.2073578595317726,0.4525547445255474,0.2844036697247707,299
swapped,ratioRule,,5,2,0.2073578595317726,0.4525547445255474,0.2844036697247707,299
swapped,ratioRule,,5,4,0.2073578595317726,0.4525547445255474,0.2844036697247707,299
swapped,ratioRule,,5,8,0.2784090909090909,0.3576642335766423,0.3130990415335463,176
swapped,ratioRule,,5,16,0.2923076923076923,0.2773722627737226,0.2846441947565543,130
swapped,seasonalRule,,1.2,0.1,0.20625,0.4817518248175183,0.2888402625820569,320
swapped,seasonalRule,,1.2,0.25,0.2018927444794953,0.4671532846715328,0.2819383259911895,317
swapped,seasonalRule,,1.2,0.5,0.1993670886075949,0.4598540145985401,0.2781456953642384,316
swapped,seasonalRule,,1.2,1,0.2,0.4525547445255474,0.2774049217002237,310
swapped,seasonalRule,,1.2,2,0.2403100775193799,0.4525547445255474,0.3139240506329114,258
swapped,seasonalRule,,1.2,4,0.3151515151515151,0.3795620437956204,0.3443708609271523,165
swapped,seasonalRule,,1.2,8,0.3571428571428572,0.291970802919708,0.321285140562249,112
swapped,seasonalRule,,1.2,16,0.3815789473684211,0.2116788321167883,0.2723004694835681,76
swapped,seasonalRule,,1.5,0.1,0.2246376811594203,0.4525547445255474,0.3002421307506053,276
swapped,seasonalRule,,1.5,0.25,0.2254545454545455,0.4525547445255474,0.3009708737864077,275
swapped,seasonalRule,,1.5,0.5,0.2254545454545455,0.4525547445255474,0.3009708737864077,275
swapped,seasonalRule,,1.5,1,0.2226277372262774,0.4452554744525548,0.2968369829683698,274
swapped,seasonalRule,,1.5,2,0.25,0.4452554744525548,0.3202099737532809,244
swapped,seasonalRule,,1.5,4,0.3312101910828025,0.3795620437956204,0.3537414965986394,157
swapped,seasonalRule,,1.5,8,0.3773584905660378,0.291970802919708,0.3292181069958848,106
swapped,seasonalRule,,1.5,16,0.3972602739726027,0.2116788321167883,0.2761904761904762,73
swapped,seasonalRule,,2,0.1,0.2244897959183673,0.4014598540145985,0.287958115183246,245
swapped,seasonalRule,,2,0.25,0.2244897959183673,0.4014598540145985,0.287958115183246,245
swapped,seasonalRule,,2,0.5,0.2244897959183673,0.4014598540145985,0.287958115183246,245
swapped,seasonalRule,,2,1,0.2244897959183673,0.4014598540145985,0.287958115183246,245
swapped,seasonalRule,,2,2,0.25,0.4014598540145985,0.3081232492997198,220
swapped,seasonalRule,,2,4,0.3219178082191781,0.343065693430657,0.3321554770318021,146
swapped,seasonalRule,,2,8,0.3838383838383838,0.2773722627737226,0.3220338983050848,99
swapped,seasonalRule,,2,16,0.3970588235294117,0.1970802919708029,0.2634146341463415,68
swapped,seasonalRule,,2.5,0.1,0.2789473684210526,0.3868613138686132,0.3241590214067278,190
swapped,seasonalRule,,2.5,0.25,0.2789473684210526,0.3868613138686132,0.3241590214067278,190
swapped,seasonalRule,,2.5,0.5,0.2789473684210526,0.3868613138686132,0.3241590214067278,190
swapped,seasonalRule,,2.5,1,0.2789473684210526,0.3868613138686132,0.3241590214067278,190
swapped,seasonalRule,,2.5,2,0.2789473684210526,0.3868613138686132,0.3241590214067278,190
swapped,seasonalRule,,2.5,4,0.3488372093023256,0.3284671532846715,0.3383458646616541,129
swapped,seasonalRule,,2.5,8,0.3956043956043956,0.2627737226277372,0.3157894736842105,91
swapped,seasonalRule,,2.5,16,0.4126984126984127,0.1897810218978102,0.26,63
swapped,seasonalRule,,3,0.1,0.2781065088757396,0.343065693430657,0.3071895424836601,169
swapped,seasonalRule,,3,0.25,0.2781065088757396,0.343065693430657,0.3071895424836601,169
swapped,seasonalRule,,3,0.5,0.2781065088757396,0.343065693430657,0.3071895424836601,169
swapped,seasonalRule,,3,1,0.2781065088757396,0.343065693430657,0.3071895424836601,169
swapped,seasonalRule,,3,2,0.2781065088757396,0.343065693430657,0.3071895424836601,169
swapped,seasonalRule,,3,4,0.3389830508474576,0.291970802919708,0.3137254901960784,118
swapped,seasonalRule,,3,8,0.3882352941176471,0.2408759124087591,0.2972972972972973,85
swapped,seasonalRule,,3,16,0.4067796610169492,0.1751824817518248,0.2448979591836735,59
swapped,seasonalRule,,4,0.1,0.3189655172413793,0.2700729927007299,0.2924901185770751,116
swapped,seasonalRule,,4,0.25,0.3189655172413793,0.2700729927007299,0.2924901185770751,116
swapped,seasonalRule,,4,0.5,0.3189655172413793,0.2700729927007299,0.2924901185770751,116
swapped,seasonalRule,,4,1,0.3189655172413793,0.2700729927007299,0.2924901185770751,116
swapped,seasonalRule,,4,2,0.3189655172413793,0.2700729927007299,0.2924901185770751,116
swapped,seasonalRule,,4,4,0.351063829787234,0.2408759124087591,0.2857142857142857,94
swapped,seasonalRule,,4,8,0.4057971014492754,0.2043795620437956,0.2718446601941748,69
swapped,seasonalRule,,4,16,0.4423076923076923,0.1678832116788321,0.2433862433862433,52
swapped,seasonalRule,,5,0.1,0.2876712328767123,0.1532846715328467,0.2,73
swapped,seasonalRule,,5,0.25,0.2876712328767123,0.1532846715328467,0.2,73
swapped,seasonalRule,,5,0.5,0.2876712328767123,0.1532846715328467,0.2,73
swapped,seasonalRule,,5,1,0.2876712328767123,0.1532846715328467,0.2,73
swapped,seasonalRule,,5,2,0.2876712328767123,0.1532846715328467,0.2,73
swapped,seasonalRule,,5,4,0.2876712328767123,0.1532846715328467,0.2,73
swapped,seasonalRule,,5,8,0.3333333333333333,0.1167883211678832,0.172972972972973,48
swapped,seasonalRule,,5,16,0.3888888888888889,0.1021897810218978,0.161849710982659,36
swapped,ifAndRuleCharged,95,1.2,0.1,0.3103448275862069,0.3284671532846715,0.3191489361702128,145
swapped,ifAndRuleCharged,95,1.2,0.25,0.3103448275862069,0.3284671532846715,0.3191489361702128,145
swapped,ifAndRuleCharged,95,1.2,0.5,0.3103448275862069,0.3284671532846715,0.3191489361702128,145
swapped,ifAndRuleCharged,95,1.2,1,0.3103448275862069,0.3284671532846715,0.3191489361702128,145
swapped,ifAndRuleCharged,95,1.2,2,0.3103448275862069,0.3284671532846715,0.3191489361702128,145
swapped,ifAndRuleCharged,95,1.2,4,0.3146853146853147,0.3284671532846715,0.3214285714285714,143
swapped,ifAndRuleCharged,95,1.2,8,0.3115942028985507,0.3138686131386861,0.3127272727272727,138
swapped,ifAndRuleCharged,95,1.2,16,0.3153846153846154,0.2992700729927008,0.3071161048689139,130
swapped,ifAndRuleCharged,95,1.5,0.1,0.3191489361702128,0.3284671532846715,0.3237410071942446,141
swapped,ifAndRuleCharged,95,1.5,0.25,0.3191489361702128,0.3284671532846715,0.3237410071942446,141
swapped,ifAndRuleCharged,95,1.5,0.5,0.3191489361702128,0.3284671532846715,0.3237410071942446,141
swapped,ifAndRuleCharged,95,1.5,1,0.3191489361702128,0.3284671532846715,0.3237410071942446,141
swapped,ifAndRuleCharged,95,1.5,2,0.3191489361702128,0.3284671532846715,0.3237410071942446,141
swapped,ifAndRuleCharged,95,1.5,4,0.3191489361702128,0.3284671532846715,0.3237410071942446,141
swapped,ifAndRuleCharged,95,1.5,8,0.3138686131386861,0.3138686131386861,0.3138686131386861,137
swapped,ifAndRuleCharged,95,1.5,16,0.3153846153846154,0.2992700729927008,0.3071161048689139,130
swapped,ifAndRuleCharged,95,2,0.1,0.3260869565217391,0.3284671532846715,0.3272727272727272,138
swapped,ifAndRuleCharged,95,2,0.25,0.3260869565217391,0.3284671532846715,0.3272727272727272,138
swapped,ifAndRuleCharged,95,2,0.5,0.3260869565217391,0.3284671532846715,0.3272727272727272,138
swapped,ifAndRuleCharged,95,2,1,0.3260869565217391,0.3284671532846715,0.3272727272727272,138
swapped,ifAndRuleCharged,95,2,2,0.3260869565217391,0.3284671532846715,0.3272727272727272,138
swapped,ifAndRuleCharged,95,2,4,0.3260869565217391,0.3284671532846715,0.3272727272727272,138
swapped,ifAndRuleCharged,95,2,8,0.3185185185185185,0.3138686131386861,0.3161764705882353,135
swapped,ifAndRuleCharged,95,2,16,0.3203125,0.2992700729927008,0.309433962264151,128
swapped,ifAndRuleCharged,95,2.5,0.1,0.3358208955223881,0.3284671532846715,0.3321033210332103,134
swapped,ifAndRuleCharged,95,2.5,0.25,0.3358208955223881,0.3284671532846715,0.3321033210332103,134
swapped,ifAndRuleCharged,95,2.5,0.5,0.3358208955223881,0.3284671532846715,0.3321033210332103,134
swapped,ifAndRuleCharged,95,2.5,1,0.3358208955223881,0.3284671532846715,0.3321033210332103,134
swapped,ifAndRuleCharged,95,2.5,2,0.3358208955223881,0.3284671532846715,0.3321033210332103,134
swapped,ifAndRuleCharged,95,2.5,4,0.3358208955223881,0.3284671532846715,0.3321033210332103,134
swapped,ifAndRuleCharged,95,2.5,8,0.3282442748091603,0.3138686131386861,0.3208955223880597,131
swapped,ifAndRuleCharged,95,2.5,16,0.328,0.2992700729927008,0.3129770992366412,125
swapped,ifAndRuleCharged,95,3,0.1,0.3409090909090909,0.3284671532846715,0.3345724907063197,132
swapped,ifAndRuleCharged,95,3,0.25,0.3409090909090909,0.3284671532846715,0.3345724907063197,132
swapped,ifAndRuleCharged,95,3,0.5,0.3409090909090909,0.3284671532846715,0.3345724907063197,132
swapped,ifAndRuleCharged,95,3,1,0.3409090909090909,0.3284671532846715,0.3345724907063197,132
swapped,ifAndRuleCharged,95,3,2,0.3409090909090909,0.3284671532846715,0.3345724907063197,132
swapped,ifAndRuleCharged,95,3,4,0.3409090909090909,0.3284671532846715,0.3345724907063197,132
swapped,ifAndRuleCharged,95,3,8,0.3333333333333333,0.3138686131386861,0.3233082706766917,129
swapped,ifAndRuleCharged,95,3,16,0.3333333333333333,0.2992700729927008,0.3153846153846154,123
swapped,ifAndRuleCharged,95,4,0.1,0.3305785123966942,0.291970802919708,0.310077519379845,121
swapped,ifAndRuleCharged,95,4,0.25,0.3305785123966942,0.291970802919708,0.310077519379845,121
swapped,ifAndRuleCharged,95,4,0.5,0.3305785123966942,0.291970802919708,0.310077519379845,121
swapped,ifAndRuleCharged,95,4,1,0.3305785123966942,0.291970802919708,0.310077519379845,121
swapped,ifAndRuleCharged,95,4,2,0.3305785123966942,0.291970802919708,0.310077519379845,121
swapped,ifAndRuleCharged,95,4,4,0.3305785123966942,0.291970802919708,0.310077519379845,121
swapped,ifAndRuleCharged,95,4,8,0.3220338983050847,0.2773722627737226,0.2980392156862745,118
swapped,ifAndRuleCharged,95,4,16,0.3185840707964602,0.2627737226277372,0.288,113
swapped,ifAndRuleCharged,95,5,0.1,0.3214285714285715,0.2627737226277372,0.2891566265060241,112
swapped,ifAndRuleCharged,95,5,0.25,0.3214285714285715,0.2627737226277372,0.2891566265060241,112
swapped,ifAndRuleCharged,95,5,0.5,0.3214285714285715,0.2627737226277372,0.2891566265060241,112
swapped,ifAndRuleCharged,95,5,1,0.3214285714285715,0.2627737226277372,0.2891566265060241,112
swapped,ifAndRuleCharged,95,5,2,0.3214285714285715,0.2627737226277372,0.2891566265060241,112
swapped,ifAndRuleCharged,95,5,4,0.3214285714285715,0.2627737226277372,0.2891566265060241,112
swapped,ifAndRuleCharged,95,5,8,0.3119266055045872,0.2481751824817518,0.2764227642276423,109
swapped,ifAndRuleCharged,95,5,16,0.3076923076923077,0.2335766423357664,0.2655601659751038,104
swapped,ifAndRuleCharged,97,1.2,0.1,0.2921348314606741,0.1897810218978102,0.2300884955752212,89
swapped,ifAndRuleCharged,97,1.2,0.25,0.2921348314606741,0.1897810218978102,0.2300884955752212,89
swapped,ifAndRuleCharged,97,1.2,0.5,0.2921348314606741,0.1897810218978102,0.2300884955752212,89
swapped,ifAndRuleCharged,97,1.2,1,0.2921348314606741,0.1897810218978102,0.2300884955752212,89
swapped,ifAndRuleCharged,97,1.2,2,0.2921348314606741,0.1897810218978102,0.2300884955752212,89
swapped,ifAndRuleCharged,97,1.2,4,0.2988505747126437,0.1897810218978102,0.2321428571428571,87
swapped,ifAndRuleCharged,97,1.2,8,0.2988505747126437,0.1897810218978102,0.2321428571428571,87
swapped,ifAndRuleCharged,97,1.2,16,0.2941176470588235,0.1824817518248175,0.2252252252252252,85
swapped,ifAndRuleCharged,97,1.5,0.1,0.2988505747126437,0.1897810218978102,0.2321428571428571,87
swapped,ifAndRuleCharged,97,1.5,0.25,0.2988505747126437,0.1897810218978102,0.2321428571428571,87
swapped,ifAndRuleCharged,97,1.5,0.5,0.2988505747126437,0.1897810218978102,0.2321428571428571,87
swapped,ifAndRuleCharged,97,1.5,1,0.2988505747126437,0.1897810218978102,0.2321428571428571,87
swapped,ifAndRuleCharged,97,1.5,2,0.2988505747126437,0.1897810218978102,0.2321428571428571,87
swapped,ifAndRuleCharged,97,1.5,4,0.2988505747126437,0.1897810218978102,0.2321428571428571,87
swapped,ifAndRuleCharged,97,1.5,8,0.2988505747126437,0.1897810218978102,0.2321428571428571,87
swapped,ifAndRuleCharged,97,1.5,16,0.2941176470588235,0.1824817518248175,0.2252252252252252,85
swapped,ifAndRuleCharged,97,2,0.1,0.3023255813953488,0.1897810218978102,0.2331838565022422,86
swapped,ifAndRuleCharged,97,2,0.25,0.3023255813953488,0.1897810218978102,0.2331838565022422,86
swapped,ifAndRuleCharged,97,2,0.5,0.3023255813953488,0.1897810218978102,0.2331838565022422,86
swapped,ifAndRuleCharged,97,2,1,0.3023255813953488,0.1897810218978102,0.2331838565022422,86
swapped,ifAndRuleCharged,97,2,2,0.3023255813953488,0.1897810218978102,0.2331838565022422,86
swapped,ifAndRuleCharged,97,2,4,0.3023255813953488,0.1897810218978102,0.2331838565022422,86
swapped,ifAndRuleCharged,97,2,8,0.3023255813953488,0.1897810218978102,0.2331838565022422,86
swapped,ifAndRuleCharged,97,2,16,0.2976190476190476,0.1824817518248175,0.2262443438914027,84
swapped,ifAndRuleCharged,97,2.5,0.1,0.3132530120481928,0.1897810218978102,0.2363636363636364,83
swapped,ifAndRuleCharged,97,2.5,0.25,0.3132530120481928,0.1897810218978102,0.2363636363636364,83
swapped,ifAndRuleCharged,97,2.5,0.5,0.3132530120481928,0.1897810218978102,0.2363636363636364,83
swapped,ifAndRuleCharged,97,2.5,1,0.3132530120481928,0.1897810218978102,0.2363636363636364,83
swapped,ifAndRuleCharged,97,2.5,2,0.3132530120481928,0.1897810218978102,0.2363636363636364,83
swapped,ifAndRuleCharged,97,2.5,4,0.3132530120481928,0.1897810218978102,0.2363636363636364,83
swapped,ifAndRuleCharged,97,2.5,8,0.3132530120481928,0.1897810218978102,0.2363636363636364,83
swapped,ifAndRuleCharged,97,2.5,16,0.3048780487804878,0.1824817518248175,0.228310502283105,82
swapped,ifAndRuleCharged,97,3,0.1,0.3209876543209876,0.1897810218978102,0.2385321100917431,81
swapped,ifAndRuleCharged,97,3,0.25,0.3209876543209876,0.1897810218978102,0.2385321100917431,81
swapped,ifAndRuleCharged,97,3,0.5,0.3209876543209876,0.1897810218978102,0.2385321100917431,81
swapped,ifAndRuleCharged,97,3,1,0.3209876543209876,0.1897810218978102,0.2385321100917431,81
swapped,ifAndRuleCharged,97,3,2,0.3209876543209876,0.1897810218978102,0.2385321100917431,81
swapped,ifAndRuleCharged,97,3,4,0.3209876543209876,0.1897810218978102,0.2385321100917431,81
swapped,ifAndRuleCharged,97,3,8,0.3209876543209876,0.1897810218978102,0.2385321100917431,81
swapped,ifAndRuleCharged,97,3,16,0.3125,0.1824817518248175,0.2304147465437788,80
swapped,ifAndRuleCharged,97,4,0.1,0.2876712328767123,0.1532846715328467,0.2,73
swapped,ifAndRuleCharged,97,4,0.25,0.2876712328767123,0.1532846715328467,0.2,73
swapped,ifAndRuleCharged,97,4,0.5,0.2876712328767123,0.1532846715328467,0.2,73
swapped,ifAndRuleCharged,97,4,1,0.2876712328767123,0.1532846715328467,0.2,73
swapped,ifAndRuleCharged,97,4,2,0.2876712328767123,0.1532846715328467,0.2,73
swapped,ifAndRuleCharged,97,4,4,0.2876712328767123,0.1532846715328467,0.2,73
swapped,ifAndRuleCharged,97,4,8,0.2876712328767123,0.1532846715328467,0.2,73
swapped,ifAndRuleCharged,97,4,16,0.2777777777777778,0.145985401459854,0.1913875598086124,72
swapped,ifAndRuleCharged,97,5,0.1,0.2686567164179104,0.1313868613138686,0.1764705882352941,67
swapped,ifAndRuleCharged,97,5,0.25,0.2686567164179104,0.1313868613138686,0.1764705882352941,67
swapped,ifAndRuleCharged,97,5,0.5,0.2686567164179104,0.1313868613138686,0.1764705882352941,67
swapped,ifAndRuleCharged,97,5,1,0.2686567164179104,0.1313868613138686,0.1764705882352941,67
swapped,ifAndRuleCharged,97,5,2,0.2686567164179104,0.1313868613138686,0.1764705882352941,67
swapped,ifAndRuleCharged,97,5,4,0.2686567164179104,0.1313868613138686,0.1764705882352941,67
swapped,ifAndRuleCharged,97,5,8,0.2686567164179104,0.1313868613138686,0.1764705882352941,67
swapped,ifAndRuleCharged,97,5,16,0.2575757575757576,0.1240875912408759,0.167487684729064,66
swapped,ifAndRuleCharged,98,1.2,0.1,0.3703703703703703,0.145985401459854,0.2094240837696335,54
swapped,ifAndRuleCharged,98,1.2,0.25,0.3703703703703703,0.145985401459854,0.2094240837696335,54
swapped,ifAndRuleCharged,98,1.2,0.5,0.3703703703703703,0.145985401459854,0.2094240837696335,54
swapped,ifAndRuleCharged,98,1.2,1,0.3703703703703703,0.145985401459854,0.2094240837696335,54
swapped,ifAndRuleCharged,98,1.2,2,0.3703703703703703,0.145985401459854,0.2094240837696335,54
swapped,ifAndRuleCharged,98,1.2,4,0.3703703703703703,0.145985401459854,0.2094240837696335,54
swapped,ifAndRuleCharged,98,1.2,8,0.3703703703703703,0.145985401459854,0.2094240837696335,54
swapped,ifAndRuleCharged,98,1.2,16,0.3703703703703703,0.145985401459854,0.2094240837696335,54
swapped,ifAndRuleCharged,98,1.5,0.1,0.3703703703703703,0.145985401459854,0.2094240837696335,54
swapped,ifAndRuleCharged,98,1.5,0.25,0.3703703703703703,0.145985401459854,0.2094240837696335,54
swapped,ifAndRuleCharged,98,1.5,0.5,0.3703703703703703,0.145985401459854,0.2094240837696335,54
swapped,ifAndRuleCharged,98,1.5,1,0.3703703703703703,0.145985401459854,0.2094240837696335,54
swapped,ifAndRuleCharged,98,1.5,2,0.3703703703703703,0.145985401459854,0.2094240837696335,54
swapped,ifAndRuleCharged,98,1.5,4,0.3703703703703703,0.145985401459854,0.2094240837696335,54
swapped,ifAndRuleCharged,98,1.5,8,0.3703703703703703,0.145985401459854,0.2094240837696335,54
swapped,ifAndRuleCharged,98,1.5,16,0.3703703703703703,0.145985401459854,0.2094240837696335,54
swapped,ifAndRuleCharged,98,2,0.1,0.3703703703703703,0.145985401459854,0.2094240837696335,54
swapped,ifAndRuleCharged,98,2,0.25,0.3703703703703703,0.145985401459854,0.2094240837696335,54
swapped,ifAndRuleCharged,98,2,0.5,0.3703703703703703,0.145985401459854,0.2094240837696335,54
swapped,ifAndRuleCharged,98,2,1,0.3703703703703703,0.145985401459854,0.2094240837696335,54
swapped,ifAndRuleCharged,98,2,2,0.3703703703703703,0.145985401459854,0.2094240837696335,54
swapped,ifAndRuleCharged,98,2,4,0.3703703703703703,0.145985401459854,0.2094240837696335,54
swapped,ifAndRuleCharged,98,2,8,0.3703703703703703,0.145985401459854,0.2094240837696335,54
swapped,ifAndRuleCharged,98,2,16,0.3703703703703703,0.145985401459854,0.2094240837696335,54
swapped,ifAndRuleCharged,98,2.5,0.1,0.3703703703703703,0.145985401459854,0.2094240837696335,54
swapped,ifAndRuleCharged,98,2.5,0.25,0.3703703703703703,0.145985401459854,0.2094240837696335,54
swapped,ifAndRuleCharged,98,2.5,0.5,0.3703703703703703,0.145985401459854,0.2094240837696335,54
swapped,ifAndRuleCharged,98,2.5,1,0.3703703703703703,0.145985401459854,0.2094240837696335,54
swapped,ifAndRuleCharged,98,2.5,2,0.3703703703703703,0.145985401459854,0.2094240837696335,54
swapped,ifAndRuleCharged,98,2.5,4,0.3703703703703703,0.145985401459854,0.2094240837696335,54
swapped,ifAndRuleCharged,98,2.5,8,0.3703703703703703,0.145985401459854,0.2094240837696335,54
swapped,ifAndRuleCharged,98,2.5,16,0.3703703703703703,0.145985401459854,0.2094240837696335,54
swapped,ifAndRuleCharged,98,3,0.1,0.3773584905660378,0.145985401459854,0.2105263157894737,53
swapped,ifAndRuleCharged,98,3,0.25,0.3773584905660378,0.145985401459854,0.2105263157894737,53
swapped,ifAndRuleCharged,98,3,0.5,0.3773584905660378,0.145985401459854,0.2105263157894737,53
swapped,ifAndRuleCharged,98,3,1,0.3773584905660378,0.145985401459854,0.2105263157894737,53
swapped,ifAndRuleCharged,98,3,2,0.3773584905660378,0.145985401459854,0.2105263157894737,53
swapped,ifAndRuleCharged,98,3,4,0.3773584905660378,0.145985401459854,0.2105263157894737,53
swapped,ifAndRuleCharged,98,3,8,0.3773584905660378,0.145985401459854,0.2105263157894737,53
swapped,ifAndRuleCharged,98,3,16,0.3773584905660378,0.145985401459854,0.2105263157894737,53
swapped,ifAndRuleCharged,98,4,0.1,0.34,0.1240875912408759,0.1818181818181818,50
swapped,ifAndRuleCharged,98,4,0.25,0.34,0.1240875912408759,0.1818181818181818,50
swapped,ifAndRuleCharged,98,4,0.5,0.34,0.1240875912408759,0.1818181818181818,50
swapped,ifAndRuleCharged,98,4,1,0.34,0.1240875912408759,0.1818181818181818,50
swapped,ifAndRuleCharged,98,4,2,0.34,0.1240875912408759,0.1818181818181818,50
swapped,ifAndRuleCharged,98,4,4,0.34,0.1240875912408759,0.1818181818181818,50
swapped,ifAndRuleCharged,98,4,8,0.34,0.1240875912408759,0.1818181818181818,50
swapped,ifAndRuleCharged,98,4,16,0.34,0.1240875912408759,0.1818181818181818,50
swapped,ifAndRuleCharged,98,5,0.1,0.3043478260869565,0.1021897810218978,0.1530054644808743,46
swapped,ifAndRuleCharged,98,5,0.25,0.3043478260869565,0.1021897810218978,0.1530054644808743,46
swapped,ifAndRuleCharged,98,5,0.5,0.3043478260869565,0.1021897810218978,0.1530054644808743,46
swapped,ifAndRuleCharged,98,5,1,0.3043478260869565,0.1021897810218978,0.1530054644808743,46
swapped,ifAndRuleCharged,98,5,2,0.3043478260869565,0.1021897810218978,0.1530054644808743,46
swapped,ifAndRuleCharged,98,5,4,0.3043478260869565,0.1021897810218978,0.1530054644808743,46
swapped,ifAndRuleCharged,98,5,8,0.3043478260869565,0.1021897810218978,0.1530054644808743,46
swapped,ifAndRuleCharged,98,5,16,0.3043478260869565,0.1021897810218978,0.1530054644808743,46
swapped,ifAndRuleCharged,99,1.2,0.1,0.3636363636363636,0.0583941605839416,0.1006289308176101,22
swapped,ifAndRuleCharged,99,1.2,0.25,0.3636363636363636,0.0583941605839416,0.1006289308176101,22
swapped,ifAndRuleCharged,99,1.2,0.5,0.3636363636363636,0.0583941605839416,0.1006289308176101,22
swapped,ifAndRuleCharged,99,1.2,1,0.3636363636363636,0.0583941605839416,0.1006289308176101,22
swapped,ifAndRuleCharged,99,1.2,2,0.3636363636363636,0.0583941605839416,0.1006289308176101,22
swapped,ifAndRuleCharged,99,1.2,4,0.3636363636363636,0.0583941605839416,0.1006289308176101,22
swapped,ifAndRuleCharged,99,1.2,8,0.3636363636363636,0.0583941605839416,0.1006289308176101,22
swapped,ifAndRuleCharged,99,1.2,16,0.3636363636363636,0.0583941605839416,0.1006289308176101,22
swapped,ifAndRuleCharged,99,1.5,0.1,0.3636363636363636,0.0583941605839416,0.1006289308176101,22
swapped,ifAndRuleCharged,99,1.5,0.25,0.3636363636363636,0.0583941605839416,0.1006289308176101,22
swapped,ifAndRuleCharged,99,1.5,0.5,0.3636363636363636,0.0583941605839416,0.1006289308176101,22
swapped,ifAndRuleCharged,99,1.5,1,0.3636363636363636,0.0583941605839416,0.1006289308176101,22
swapped,ifAndRuleCharged,99,1.5,2,0.3636363636363636,0.0583941605839416,0.1006289308176101,22
swapped,ifAndRuleCharged,99,1.5,4,0.3636363636363636,0.0583941605839416,0.1006289308176101,22
swapped,ifAndRuleCharged,99,1.5,8,0.3636363636363636,0.0583941605839416,0.1006289308176101,22
swapped,ifAndRuleCharged,99,1.5,16,0.3636363636363636,0.0583941605839416,0.1006289308176101,22
swapped,ifAndRuleCharged,99,2,0.1,0.3636363636363636,0.0583941605839416,0.1006289308176101,22
swapped,ifAndRuleCharged,99,2,0.25,0.3636363636363636,0.0583941605839416,0.1006289308176101,22
swapped,ifAndRuleCharged,99,2,0.5,0.3636363636363636,0.0583941605839416,0.1006289308176101,22
swapped,ifAndRuleCharged,99,2,1,0.3636363636363636,0.0583941605839416,0.1006289308176101,22
swapped,ifAndRuleCharged,99,2,2,0.3636363636363636,0.0583941605839416,0.1006289308176101,22
swapped,ifAndRuleCharged,99,2,4,0.3636363636363636,0.0583941605839416,0.1006289308176101,22
swapped,ifAndRuleCharged,99,2,8,0.3636363636363636,0.0583941605839416,0.1006289308176101,22
swapped,ifAndRuleCharged,99,2,16,0.3636363636363636,0.0583941605839416,0.1006289308176101,22
swapped,ifAndRuleCharged,99,2.5,0.1,0.3636363636363636,0.0583941605839416,0.1006289308176101,22
swapped,ifAndRuleCharged,99,2.5,0.25,0.3636363636363636,0.0583941605839416,0.1006289308176101,22
swapped,ifAndRuleCharged,99,2.5,0.5,0.3636363636363636,0.0583941605839416,0.1006289308176101,22
swapped,ifAndRuleCharged,99,2.5,1,0.3636363636363636,0.0583941605839416,0.1006289308176101,22
swapped,ifAndRuleCharged,99,2.5,2,0.3636363636363636,0.0583941605839416,0.1006289308176101,22
swapped,ifAndRuleCharged,99,2.5,4,0.3636363636363636,0.0583941605839416,0.1006289308176101,22
swapped,ifAndRuleCharged,99,2.5,8,0.3636363636363636,0.0583941605839416,0.1006289308176101,22
swapped,ifAndRuleCharged,99,2.5,16,0.3636363636363636,0.0583941605839416,0.1006289308176101,22
swapped,ifAndRuleCharged,99,3,0.1,0.3636363636363636,0.0583941605839416,0.1006289308176101,22
swapped,ifAndRuleCharged,99,3,0.25,0.3636363636363636,0.0583941605839416,0.1006289308176101,22
swapped,ifAndRuleCharged,99,3,0.5,0.3636363636363636,0.0583941605839416,0.1006289308176101,22
swapped,ifAndRuleCharged,99,3,1,0.3636363636363636,0.0583941605839416,0.1006289308176101,22
swapped,ifAndRuleCharged,99,3,2,0.3636363636363636,0.0583941605839416,0.1006289308176101,22
swapped,ifAndRuleCharged,99,3,4,0.3636363636363636,0.0583941605839416,0.1006289308176101,22
swapped,ifAndRuleCharged,99,3,8,0.3636363636363636,0.0583941605839416,0.1006289308176101,22
swapped,ifAndRuleCharged,99,3,16,0.3636363636363636,0.0583941605839416,0.1006289308176101,22
swapped,ifAndRuleCharged,99,4,0.1,0.3636363636363636,0.0583941605839416,0.1006289308176101,22
swapped,ifAndRuleCharged,99,4,0.25,0.3636363636363636,0.0583941605839416,0.1006289308176101,22
swapped,ifAndRuleCharged,99,4,0.5,0.3636363636363636,0.0583941605839416,0.1006289308176101,22
swapped,ifAndRuleCharged,99,4,1,0.3636363636363636,0.0583941605839416,0.1006289308176101,22
swapped,ifAndRuleCharged,99,4,2,0.3636363636363636,0.0583941605839416,0.1006289308176101,22
swapped,ifAndRuleCharged,99,4,4,0.3636363636363636,0.0583941605839416,0.1006289308176101,22
swapped,ifAndRuleCharged,99,4,8,0.3636363636363636,0.0583941605839416,0.1006289308176101,22
swapped,ifAndRuleCharged,99,4,16,0.3636363636363636,0.0583941605839416,0.1006289308176101,22
swapped,ifAndRuleCharged,99,5,0.1,0.3636363636363636,0.0583941605839416,0.1006289308176101,22
swapped,ifAndRuleCharged,99,5,0.25,0.3636363636363636,0.0583941605839416,0.1006289308176101,22
swapped,ifAndRuleCharged,99,5,0.5,0.3636363636363636,0.0583941605839416,0.1006289308176101,22
swapped,ifAndRuleCharged,99,5,1,0.3636363636363636,0.0583941605839416,0.1006289308176101,22
swapped,ifAndRuleCharged,99,5,2,0.3636363636363636,0.0583941605839416,0.1006289308176101,22
swapped,ifAndRuleCharged,99,5,4,0.3636363636363636,0.0583941605839416,0.1006289308176101,22
swapped,ifAndRuleCharged,99,5,8,0.3636363636363636,0.0583941605839416,0.1006289308176101,22
swapped,ifAndRuleCharged,99,5,16,0.3636363636363636,0.0583941605839416,0.1006289308176101,22
swapped,ifAndRuleCharged,99.5,1.2,0.1,0.5,0.0218978102189781,0.04195804195804196,6
swapped,ifAndRuleCharged,99.5,1.2,0.25,0.5,0.0218978102189781,0.04195804195804196,6
swapped,ifAndRuleCharged,99.5,1.2,0.5,0.5,0.0218978102189781,0.04195804195804196,6
swapped,ifAndRuleCharged,99.5,1.2,1,0.5,0.0218978102189781,0.04195804195804196,6
swapped,ifAndRuleCharged,99.5,1.2,2,0.5,0.0218978102189781,0.04195804195804196,6
swapped,ifAndRuleCharged,99.5,1.2,4,0.5,0.0218978102189781,0.04195804195804196,6
swapped,ifAndRuleCharged,99.5,1.2,8,0.5,0.0218978102189781,0.04195804195804196,6
swapped,ifAndRuleCharged,99.5,1.2,16,0.5,0.0218978102189781,0.04195804195804196,6
swapped,ifAndRuleCharged,99.5,1.5,0.1,0.5,0.0218978102189781,0.04195804195804196,6
swapped,ifAndRuleCharged,99.5,1.5,0.25,0.5,0.0218978102189781,0.04195804195804196,6
swapped,ifAndRuleCharged,99.5,1.5,0.5,0.5,0.0218978102189781,0.04195804195804196,6
swapped,ifAndRuleCharged,99.5,1.5,1,0.5,0.0218978102189781,0.04195804195804196,6
swapped,ifAndRuleCharged,99.5,1.5,2,0.5,0.0218978102189781,0.04195804195804196,6
swapped,ifAndRuleCharged,99.5,1.5,4,0.5,0.0218978102189781,0.04195804195804196,6
swapped,ifAndRuleCharged,99.5,1.5,8,0.5,0.0218978102189781,0.04195804195804196,6
swapped,ifAndRuleCharged,99.5,1.5,16,0.5,0.0218978102189781,0.04195804195804196,6
swapped,ifAndRuleCharged,99.5,2,0.1,0.5,0.0218978102189781,0.04195804195804196,6
swapped,ifAndRuleCharged,99.5,2,0.25,0.5,0.0218978102189781,0.04195804195804196,6
swapped,ifAndRuleCharged,99.5,2,0.5,0.5,0.0218978102189781,0.04195804195804196,6
swapped,ifAndRuleCharged,99.5,2,1,0.5,0.0218978102189781,0.04195804195804196,6
swapped,ifAndRuleCharged,99.5,2,2,0.5,0.0218978102189781,0.04195804195804196,6
swapped,ifAndRuleCharged,99.5,2,4,0.5,0.0218978102189781,0.04195804195804196,6
swapped,ifAndRuleCharged,99.5,2,8,0.5,0.0218978102189781,0.04195804195804196,6
swapped,ifAndRuleCharged,99.5,2,16,0.5,0.0218978102189781,0.04195804195804196,6
swapped,ifAndRuleCharged,99.5,2.5,0.1,0.5,0.0218978102189781,0.04195804195804196,6
swapped,ifAndRuleCharged,99.5,2.5,0.25,0.5,0.0218978102189781,0.04195804195804196,6
swapped,ifAndRuleCharged,99.5,2.5,0.5,0.5,0.0218978102189781,0.04195804195804196,6
swapped,ifAndRuleCharged,99.5,2.5,1,0.5,0.0218978102189781,0.04195804195804196,6
swapped,ifAndRuleCharged,99.5,2.5,2,0.5,0.0218978102189781,0.04195804195804196,6
swapped,ifAndRuleCharged,99.5,2.5,4,0.5,0.0218978102189781,0.04195804195804196,6
swapped,ifAndRuleCharged,99.5,2.5,8,0.5,0.0218978102189781,0.04195804195804196,6
swapped,ifAndRuleCharged,99.5,2.5,16,0.5,0.0218978102189781,0.04195804195804196,6
swapped,ifAndRuleCharged,99.5,3,0.1,0.5,0.0218978102189781,0.04195804195804196,6
swapped,ifAndRuleCharged,99.5,3,0.25,0.5,0.0218978102189781,0.04195804195804196,6
swapped,ifAndRuleCharged,99.5,3,0.5,0.5,0.0218978102189781,0.04195804195804196,6
swapped,ifAndRuleCharged,99.5,3,1,0.5,0.0218978102189781,0.04195804195804196,6
swapped,ifAndRuleCharged,99.5,3,2,0.5,0.0218978102189781,0.04195804195804196,6
swapped,ifAndRuleCharged,99.5,3,4,0.5,0.0218978102189781,0.04195804195804196,6
swapped,ifAndRuleCharged,99.5,3,8,0.5,0.0218978102189781,0.04195804195804196,6
swapped,ifAndRuleCharged,99.5,3,16,0.5,0.0218978102189781,0.04195804195804196,6
swapped,ifAndRuleCharged,99.5,4,0.1,0.5,0.0218978102189781,0.04195804195804196,6
swapped,ifAndRuleCharged,99.5,4,0.25,0.5,0.0218978102189781,0.04195804195804196,6
swapped,ifAndRuleCharged,99.5,4,0.5,0.5,0.0218978102189781,0.04195804195804196,6
swapped,ifAndRuleCharged,99.5,4,1,0.5,0.0218978102189781,0.04195804195804196,6
swapped,ifAndRuleCharged,99.5,4,2,0.5,0.0218978102189781,0.04195804195804196,6
swapped,ifAndRuleCharged,99.5,4,4,0.5,0.0218978102189781,0.04195804195804196,6
swapped,ifAndRuleCharged,99.5,4,8,0.5,0.0218978102189781,0.04195804195804196,6
swapped,ifAndRuleCharged,99.5,4,16,0.5,0.0218978102189781,0.04195804195804196,6
swapped,ifAndRuleCharged,99.5,5,0.1,0.5,0.0218978102189781,0.04195804195804196,6
swapped,ifAndRuleCharged,99.5,5,0.25,0.5,0.0218978102189781,0.04195804195804196,6
swapped,ifAndRuleCharged,99.5,5,0.5,0.5,0.0218978102189781,0.04195804195804196,6
swapped,ifAndRuleCharged,99.5,5,1,0.5,0.0218978102189781,0.04195804195804196,6
swapped,ifAndRuleCharged,99.5,5,2,0.5,0.0218978102189781,0.04195804195804196,6
swapped,ifAndRuleCharged,99.5,5,4,0.5,0.0218978102189781,0.04195804195804196,6
swapped,ifAndRuleCharged,99.5,5,8,0.5,0.0218978102189781,0.04195804195804196,6
swapped,ifAndRuleCharged,99.5,5,16,0.5,0.0218978102189781,0.04195804195804196,6
swapped,ifAndRuleCharged,99.8,1.2,0.1,1,0.0072992700729927,0.0144927536231884,1
swapped,ifAndRuleCharged,99.8,1.2,0.25,1,0.0072992700729927,0.0144927536231884,1
swapped,ifAndRuleCharged,99.8,1.2,0.5,1,0.0072992700729927,0.0144927536231884,1
swapped,ifAndRuleCharged,99.8,1.2,1,1,0.0072992700729927,0.0144927536231884,1
swapped,ifAndRuleCharged,99.8,1.2,2,1,0.0072992700729927,0.0144927536231884,1
swapped,ifAndRuleCharged,99.8,1.2,4,1,0.0072992700729927,0.0144927536231884,1
swapped,ifAndRuleCharged,99.8,1.2,8,1,0.0072992700729927,0.0144927536231884,1
swapped,ifAndRuleCharged,99.8,1.2,16,1,0.0072992700729927,0.0144927536231884,1
swapped,ifAndRuleCharged,99.8,1.5,0.1,1,0.0072992700729927,0.0144927536231884,1
swapped,ifAndRuleCharged,99.8,1.5,0.25,1,0.0072992700729927,0.0144927536231884,1
swapped,ifAndRuleCharged,99.8,1.5,0.5,1,0.0072992700729927,0.0144927536231884,1
swapped,ifAndRuleCharged,99.8,1.5,1,1,0.0072992700729927,0.0144927536231884,1
swapped,ifAndRuleCharged,99.8,1.5,2,1,0.0072992700729927,0.0144927536231884,1
swapped,ifAndRuleCharged,99.8,1.5,4,1,0.0072992700729927,0.0144927536231884,1
swapped,ifAndRuleCharged,99.8,1.5,8,1,0.0072992700729927,0.0144927536231884,1
swapped,ifAndRuleCharged,99.8,1.5,16,1,0.0072992700729927,0.0144927536231884,1
swapped,ifAndRuleCharged,99.8,2,0.1,1,0.0072992700729927,0.0144927536231884,1
swapped,ifAndRuleCharged,99.8,2,0.25,1,0.0072992700729927,0.0144927536231884,1
swapped,ifAndRuleCharged,99.8,2,0.5,1,0.0072992700729927,0.0144927536231884,1
swapped,ifAndRuleCharged,99.8,2,1,1,0.0072992700729927,0.0144927536231884,1
swapped,ifAndRuleCharged,99.8,2,2,1,0.0072992700729927,0.0144927536231884,1
swapped,ifAndRuleCharged,99.8,2,4,1,0.0072992700729927,0.0144927536231884,1
swapped,ifAndRuleCharged,99.8,2,8,1,0.0072992700729927,0.0144927536231884,1
swapped,ifAndRuleCharged,99.8,2,16,1,0.0072992700729927,0.0144927536231884,1
swapped,ifAndRuleCharged,99.8,2.5,0.1,1,0.0072992700729927,0.0144927536231884,1
swapped,ifAndRuleCharged,99.8,2.5,0.25,1,0.0072992700729927,0.0144927536231884,1
swapped,ifAndRuleCharged,99.8,2.5,0.5,1,0.0072992700729927,0.0144927536231884,1
swapped,ifAndRuleCharged,99.8,2.5,1,1,0.0072992700729927,0.0144927536231884,1
swapped,ifAndRuleCharged,99.8,2.5,2,1,0.0072992700729927,0.0144927536231884,1
swapped,ifAndRuleCharged,99.8,2.5,4,1,0.0072992700729927,0.0144927536231884,1
swapped,ifAndRuleCharged,99.8,2.5,8,1,0.0072992700729927,0.0144927536231884,1
swapped,ifAndRuleCharged,99.8,2.5,16,1,0.0072992700729927,0.0144927536231884,1
swapped,ifAndRuleCharged,99.8,3,0.1,1,0.0072992700729927,0.0144927536231884,1
swapped,ifAndRuleCharged,99.8,3,0.25,1,0.0072992700729927,0.0144927536231884,1
swapped,ifAndRuleCharged,99.8,3,0.5,1,0.0072992700729927,0.0144927536231884,1
swapped,ifAndRuleCharged,99.8,3,1,1,0.0072992700729927,0.0144927536231884,1
swapped,ifAndRuleCharged,99.8,3,2,1,0.0072992700729927,0.0144927536231884,1
swapped,ifAndRuleCharged,99.8,3,4,1,0.0072992700729927,0.0144927536231884,1
swapped,ifAndRuleCharged,99.8,3,8,1,0.0072992700729927,0.0144927536231884,1
swapped,ifAndRuleCharged,99.8,3,16,1,0.0072992700729927,0.0144927536231884,1
swapped,ifAndRuleCharged,99.8,4,0.1,1,0.0072992700729927,0.0144927536231884,1
swapped,ifAndRuleCharged,99.8,4,0.25,1,0.0072992700729927,0.0144927536231884,1
swapped,ifAndRuleCharged,99.8,4,0.5,1,0.0072992700729927,0.0144927536231884,1
swapped,ifAndRuleCharged,99.8,4,1,1,0.0072992700729927,0.0144927536231884,1
swapped,ifAndRuleCharged,99.8,4,2,1,0.0072992700729927,0.0144927536231884,1
swapped,ifAndRuleCharged,99.8,4,4,1,0.0072992700729927,0.0144927536231884,1
swapped,ifAndRuleCharged,99.8,4,8,1,0.0072992700729927,0.0144927536231884,1
swapped,ifAndRuleCharged,99.8,4,16,1,0.0072992700729927,0.0144927536231884,1
swapped,ifAndRuleCharged,99.8,5,0.1,1,0.0072992700729927,0.0144927536231884,1
swapped,ifAndRuleCharged,99.8,5,0.25,1,0.0072992700729927,0.0144927536231884,1
swapped,ifAndRuleCharged,99.8,5,0.5,1,0.0072992700729927,0.0144927536231884,1
swapped,ifAndRuleCharged,99.8,5,1,1,0.0072992700729927,0.0144927536231884,1
swapped,ifAndRuleCharged,99.8,5,2,1,0.0072992700729927,0.0144927536231884,1
swapped,ifAndRuleCharged,99.8,5,4,1,0.0072992700729927,0.0144927536231884,1
swapped,ifAndRuleCharged,99.8,5,8,1,0.0072992700729927,0.0144927536231884,1
swapped,ifAndRuleCharged,99.8,5,16,1,0.0072992700729927,0.0144927536231884,1
swapped,ifAndRuleCharged,99.9,1.2,0.1,0,0,0,0
swapped,ifAndRuleCharged,99.9,1.2,0.25,0,0,0,0
swapped,ifAndRuleCharged,99.9,1.2,0.5,0,0,0,0
swapped,ifAndRuleCharged,99.9,1.2,1,0,0,0,0
swapped,ifAndRuleCharged,99.9,1.2,2,0,0,0,0
swapped,ifAndRuleCharged,99.9,1.2,4,0,0,0,0
swapped,ifAndRuleCharged,99.9,1.2,8,0,0,0,0
swapped,ifAndRuleCharged,99.9,1.2,16,0,0,0,0
swapped,ifAndRuleCharged,99.9,1.5,0.1,0,0,0,0
swapped,ifAndRuleCharged,99.9,1.5,0.25,0,0,0,0
swapped,ifAndRuleCharged,99.9,1.5,0.5,0,0,0,0
swapped,ifAndRuleCharged,99.9,1.5,1,0,0,0,0
swapped,ifAndRuleCharged,99.9,1.5,2,0,0,0,0
swapped,ifAndRuleCharged,99.9,1.5,4,0,0,0,0
swapped,ifAndRuleCharged,99.9,1.5,8,0,0,0,0
swapped,ifAndRuleCharged,99.9,1.5,16,0,0,0,0
swapped,ifAndRuleCharged,99.9,2,0.1,0,0,0,0
swapped,ifAndRuleCharged,99.9,2,0.25,0,0,0,0
swapped,ifAndRuleCharged,99.9,2,0.5,0,0,0,0
swapped,ifAndRuleCharged,99.9,2,1,0,0,0,0
swapped,ifAndRuleCharged,99.9,2,2,0,0,0,0
swapped,ifAndRuleCharged,99.9,2,4,0,0,0,0
swapped,ifAndRuleCharged,99.9,2,8,0,0,0,0
swapped,ifAndRuleCharged,99.9,2,16,0,0,0,0
swapped,ifAndRuleCharged,99.9,2.5,0.1,0,0,0,0
swapped,ifAndRuleCharged,99.9,2.5,0.25,0,0,0,0
swapped,ifAndRuleCharged,99.9,2.5,0.5,0,0,0,0
swapped,ifAndRuleCharged,99.9,2.5,1,0,0,0,0
swapped,ifAndRuleCharged,99.9,2.5,2,0,0,0,0
swapped,ifAndRuleCharged,99.9,2.5,4,0,0,0,0
swapped,ifAndRuleCharged,99.9,2.5,8,0,0,0,0
swapped,ifAndRuleCharged,99.9,2.5,16,0,0,0,0
swapped,ifAndRuleCharged,99.9,3,0.1,0,0,0,0
swapped,ifAndRuleCharged,99.9,3,0.25,0,0,0,0
swapped,ifAndRuleCharged,99.9,3,0.5,0,0,0,0
swapped,ifAndRuleCharged,99.9,3,1,0,0,0,0
swapped,ifAndRuleCharged,99.9,3,2,0,0,0,0
swapped,ifAndRuleCharged,99.9,3,4,0,0,0,0
swapped,ifAndRuleCharged,99.9,3,8,0,0,0,0
swapped,ifAndRuleCharged,99.9,3,16,0,0,0,0
swapped,ifAndRuleCharged,99.9,4,0.1,0,0,0,0
swapped,ifAndRuleCharged,99.9,4,0.25,0,0,0,0
swapped,ifAndRuleCharged,99.9,4,0.5,0,0,0,0
swapped,ifAndRuleCharged,99.9,4,1,0,0,0,0
swapped,ifAndRuleCharged,99.9,4,2,0,0,0,0
swapped,ifAndRuleCharged,99.9,4,4,0,0,0,0
swapped,ifAndRuleCharged,99.9,4,8,0,0,0,0
swapped,ifAndRuleCharged,99.9,4,16,0,0,0,0
swapped,ifAndRuleCharged,99.9,5,0.1,0,0,0,0
swapped,ifAndRuleCharged,99.9,5,0.25,0,0,0,0
swapped,ifAndRuleCharged,99.9,5,0.5,0,0,0,0
swapped,ifAndRuleCharged,99.9,5,1,0,0,0,0
swapped,ifAndRuleCharged,99.9,5,2,0,0,0,0
swapped,ifAndRuleCharged,99.9,5,4,0,0,0,0
swapped,ifAndRuleCharged,99.9,5,8,0,0,0,0
swapped,ifAndRuleCharged,99.9,5,16,0,0,0,0
swapped,medianRatioRule,,1.2,0.1,0.2404580152671756,0.9197080291970803,0.3812405446293495,524
swapped,medianRatioRule,,1.2,0.25,0.2350674373795761,0.8905109489051095,0.3719512195121951,519
swapped,medianRatioRule,,1.2,0.5,0.2306201550387597,0.8686131386861314,0.3644716692189893,516
swapped,medianRatioRule,,1.2,1,0.2303149606299213,0.8540145985401459,0.3627906976744186,508
swapped,medianRatioRule,,1.2,2,0.2775,0.8102189781021898,0.4134078212290503,400
swapped,medianRatioRule,,1.2,4,0.3251028806584362,0.5766423357664233,0.4157894736842105,243
swapped,medianRatioRule,,1.2,8,0.4178082191780822,0.4452554744525548,0.431095406360424,146
swapped,medianRatioRule,,1.2,16,0.4174757281553398,0.3138686131386861,0.3583333333333333,103
swapped,medianRatioRule,,1.5,0.1,0.2574031890660592,0.8248175182481752,0.3923611111111111,439
swapped,medianRatioRule,,1.5,0.25,0.2579908675799087,0.8248175182481752,0.3930434782608695,438
swapped,medianRatioRule,,1.5,0.5,0.2579908675799087,0.8248175182481752,0.3930434782608695,438
swapped,medianRatioRule,,1.5,1,0.2545871559633027,0.8102189781021898,0.387434554973822,436
swapped,medianRatioRule,,1.5,2,0.289544235924933,0.7883211678832117,0.4235294117647059,373
swapped,medianRatioRule,,1.5,4,0.3421052631578947,0.5693430656934306,0.4273972602739726,228
swapped,medianRatioRule,,1.5,8,0.4477611940298508,0.4379562043795621,0.4428044280442804,134
swapped,medianRatioRule,,1.5,16,0.4468085106382979,0.3065693430656934,0.3636363636363636,94
swapped,medianRatioRule,,2,0.1,0.2845744680851064,0.781021897810219,0.4171539961013646,376
swapped,medianRatioRule,,2,0.25,0.2845744680851064,0.781021897810219,0.4171539961013646,376
swapped,medianRatioRule,,2,0.5,0.2845744680851064,0.781021897810219,0.4171539961013646,376
swapped,medianRatioRule,,2,1,0.2845744680851064,0.781021897810219,0.4171539961013646,376
swapped,medianRatioRule,,2,2,0.3240740740740741,0.7664233576642335,0.455531453362256,324
swapped,medianRatioRule,,2,4,0.3707317073170732,0.5547445255474452,0.4444444444444445,205
swapped,medianRatioRule,,2,8,0.4918032786885246,0.4379562043795621,0.4633204633204633,122
swapped,medianRatioRule,,2,16,0.5,0.3065693430656934,0.3800904977375565,84
swapped,medianRatioRule,,2.5,0.1,0.38996138996139,0.7372262773722628,0.51010101010101,259
swapped,medianRatioRule,,2.5,0.25,0.38996138996139,0.7372262773722628,0.51010101010101,259
swapped,medianRatioRule,,2.5,0.5,0.38996138996139,0.7372262773722628,0.51010101010101,259
swapped,medianRatioRule,,2.5,1,0.38996138996139,0.7372262773722628,0.51010101010101,259
swapped,medianRatioRule,,2.5,2,0.3875968992248062,0.7299270072992701,0.5063291139240507,258
swapped,medianRatioRule,,2.5,4,0.4556962025316456,0.5255474452554745,0.488135593220339,158
swapped,medianRatioRule,,2.5,8,0.5363636363636364,0.4306569343065693,0.4777327935222672,110
swapped,medianRatioRule,,2.5,16,0.5526315789473685,0.3065693430656934,0.3943661971830986,76
swapped,medianRatioRule,,3,0.1,0.4085106382978723,0.7007299270072993,0.5161290322580645,235
swapped,medianRatioRule,,3,0.25,0.4085106382978723,0.7007299270072993,0.5161290322580645,235
swapped,medianRatioRule,,3,0.5,0.4085106382978723,0.7007299270072993,0.5161290322580645,235
swapped,medianRatioRule,,3,1,0.4085106382978723,0.7007299270072993,0.5161290322580645,235
swapped,medianRatioRule,,3,2,0.4085106382978723,0.7007299270072993,0.5161290322580645,235
swapped,medianRatioRule,,3,4,0.4822695035460993,0.4963503649635037,0.4892086330935251,141
swapped,medianRatioRule,,3,8,0.5714285714285714,0.4087591240875912,0.4765957446808511,98
swapped,medianRatioRule,,3,16,0.609375,0.2846715328467153,0.3880597014925373,64
swapped,medianRatioRule,,4,0.1,0.4326241134751773,0.4452554744525548,0.4388489208633093,141
swapped,medianRatioRule,,4,0.25,0.4326241134751773,0.4452554744525548,0.4388489208633093,141
swapped,medianRatioRule,,4,0.5,0.4326241134751773,0.4452554744525548,0.4388489208633093,141
swapped,medianRatioRule,,4,1,0.4326241134751773,0.4452554744525548,0.4388489208633093,141
swapped,medianRatioRule,,4,2,0.4326241134751773,0.4452554744525548,0.4388489208633093,141
swapped,medianRatioRule,,4,4,0.494949494949495,0.3576642335766423,0.4152542372881356,99
swapped,medianRatioRule,,4,8,0.5797101449275363,0.291970802919708,0.3883495145631068,69
swapped,medianRatioRule,,4,16,0.68,0.2481751824817518,0.3636363636363636,50
swapped,medianRatioRule,,5,0.1,0.4683544303797468,0.2700729927007299,0.3425925925925926,79
swapped,medianRatioRule,,5,0.25,0.4683544303797468,0.2700729927007299,0.3425925925925926,79
swapped,medianRatioRule,,5,0.5,0.4683544303797468,0.2700729927007299,0.3425925925925926,79
swapped,medianRatioRule,,5,1,0.4683544303797468,0.2700729927007299,0.3425925925925926,79
swapped,medianRatioRule,,5,2,0.4683544303797468,0.2700729927007299,0.3425925925925926,79
swapped,medianRatioRule,,5,4,0.4683544303797468,0.2700729927007299,0.3425925925925926,79
swapped,medianRatioRule,,5,8,0.5471698113207547,0.2116788321167883,0.3052631578947368,53
swapped,medianRatioRule,,5,16,0.6578947368421053,0.1824817518248175,0.2857142857142857,38
swapped,dollarRule,,1,0.1,0.151685393258427,0.9854014598540146,0.2629016553067186,890
swapped,dollarRule,,1,0.25,0.1485260770975057,0.9562043795620438,0.2571148184494603,882
swapped,dollarRule,,1,0.5,0.1453089244851259,0.927007299270073,0.2512363996043521,874
swapped,dollarRule,,1,1,0.1467455621301775,0.9051094890510949,0.2525458248472505,845
swapped,dollarRule,,1,1.5,0.1706293706293706,0.8905109489051095,0.2863849765258216,715
swapped,dollarRule,,1,2,0.1687763713080169,0.8759124087591241,0.2830188679245283,711
swapped,dollarRule,,1,3,0.1839285714285714,0.7518248175182481,0.2955523672883788,560
swapped,dollarRule,,1,4,0.1963470319634703,0.6277372262773723,0.2991304347826087,438
swapped,dollarRule,,1,5,0.2238805970149254,0.5474452554744526,0.3177966101694915,335
swapped,dollarRule,,1,6,0.2616487455197133,0.5328467153284672,0.3509615384615385,279
swapped,dollarRule,,1,8,0.2936170212765957,0.5036496350364964,0.3709677419354839,235
swapped,dollarRule,,1,10,0.3018867924528302,0.4671532846715328,0.3667621776504297,212
swapped,dollarRule,,1,12,0.3031914893617021,0.4160583941605839,0.3507692307692308,188
swapped,dollarRule,,1,16,0.3012048192771085,0.364963503649635,0.3300330033003301,166
swapped,dollarRule,,1,24,0.2380952380952381,0.218978102189781,0.2281368821292776,126
swapped,dollarRule,,1,32,0.219047619047619,0.1678832116788321,0.1900826446280992,105
